year,name,ROE,ROA,PER,PBR,Equity_Ratio,FCF_Ratio
2013,Apple,30.64,19.34,11.95,3.57,87.92959881573422,31.73462198151008
2014,Apple,33.61,18.01,15.56,5.5,75.96396126448836,33.982103212977215
2015,Apple,46.25,20.45,11.93,5.32,64.97879498919333,37.98827327515339
2016,Apple,36.9,14.93,13.59,4.82,59.57283736140207,24.711888183351064
2017,Apple,36.87,13.87,16.63,5.99,53.67741573798588,20.73223960564937
2018,Apple,49.36,16.07,18.99,10.51,48.344989396742314,28.931552587646074
2019,Apple,55.92,15.69,18.76,11.43,45.57785780844688,29.665298310121642
2020,Apple,73.69,17.33,35.12,30.76,36.75376177752777,41.26845731964562
2021,Apple,147.44,28.06,24.96,37.46,33.59263933038353,49.49336826243684
2022,Apple,175.46,28.36,22.51,44.23,29.67769897095601,65.27020457886506
2013,Microsoft,30.09,16.58,13.22,3.65,83.49974614994076,25.994246065324084
2014,Microsoft,26.17,14.02,15.68,3.85,79.85839952325468,24.030276885856853
2015,Microsoft,14.36,7.03,30.03,4.51,69.41105092091007,20.562513542795234
2016,Microsoft,27.01,11.16,24.48,5.63,57.38733281257473,19.91264008672225
2017,Microsoft,31.92,11.49,25.25,6.09,50.436157672292346,18.043184497283
2018,Microsoft,19.45,6.51,46.73,9.31,48.593046890604256,18.94657690364574
2019,Microsoft,42.41,14.39,26.55,10.17,54.204518367455044,20.266440660010065
2020,Microsoft,40.14,15.06,34.97,13.09,59.02980829682557,22.57027952139072
2021,Microsoft,47.08,19.3,33.32,14.4,63.31231662400899,25.0229638019138
2022,Microsoft,47.15,20.82,26.48,11.56,67.99242269598518,26.597725175755894
2013,Alphabet Google,16.01,12.44,14.41,4.26,97.50293148696187,12.620470154670835
2014,Alphabet Google,14.79,11.77,24.65,3.42,96.98565665620798,11.266435081428359
2015,Alphabet Google,14.12,11.44,32.68,4.32,98.36911204486373,13.616892565766886
2016,Alphabet Google,15.02,12.37,27.86,3.89,97.2476935882102,18.23027047443188
2017,Alphabet Google,8.69,6.94,58.45,4.84,97.46342772782177,15.278869566884598
2018,Alphabet Google,18.62,14.29,23.42,4.05,97.7912354107025,12.569918520149749
2019,Alphabet Google,18.12,13.5,26.96,4.6,97.22338859528463,14.948237167885326
2020,Alphabet Google,19.0,13.52,29.56,5.36,93.00957077778243,17.905713211016845
2021,Alphabet Google,32.07,22.4,25.4,7.68,93.63023434069818,24.93432655886052
2022,Alphabet Google,23.62,16.55,19.52,4.57,94.57217227565582,22.15658402407281
2013,Amazon,3.05,0.75,675.93,18.7,75.33431243719563,15.699157455360593
2014,Amazon,2.35,0.51,0.0,13.35,56.51373250552457,10.254656424287067
2015,Amazon,4.94,1.0,527.97,23.58,61.93142381194762,34.47318495210772
2016,Amazon,14.52,3.2,150.72,18.52,59.93597712580806,32.52734957732471
2017,Amazon,12.91,2.83,188.43,20.6,47.25756387079169,14.1675478391377
2018,Amazon,28.27,6.85,72.7,16.8,56.89258746374729,25.344237451989652
2019,Amazon,21.95,5.97,78.8,14.71,62.18187647789668,25.875716404152136
2020,Amazon,27.44,7.81,76.46,17.44,66.08695652173913,21.94785438850957
2021,Amazon,28.81,9.0,50.57,12.2,68.13051963412711,4.46942516953162
2022,Amazon,1.91,0.62,0.0,5.99,68.5027181943122,5.426538394787821
2013,Tesla,18.69,4.19,0.0,26.93,52.69135685456799,0.04581032943945532
2014,Tesla,37.25,7.13,0.0,30.39,26.81665632289053,30.214219113533485
2015,Tesla,89.07,12.79,0.0,28.39,28.66931216931217,57.12566137566137
2016,Tesla,20.38,4.39,0.0,5.65,44.06725040103888,11.176810404094416
2017,Tesla,36.43,7.65,0.0,10.17,33.66397569572842,22.35437341192949
2018,Tesla,19.22,3.34,0.0,9.86,26.256,0.016
2019,Tesla,14.94,2.69,0.0,9.94,31.048557353976076,5.034013605442176
2020,Tesla,4.78,1.6,966.79,28.52,62.47891600134937,7.803890700550996
2021,Tesla,21.08,9.67,190.42,33.61,77.28482924581435,9.694844094004404
2022,Tesla,33.6,17.42,26.87,7.44,88.60699278522159,16.83382224688813
2013,NVIDIA,9.48,6.44,20.96,2.07,76.435437063057,10.376860116495264
2014,NVIDIA,14.22,8.73,17.23,2.45,75.96286107290234,13.841127922971113
2015,NVIDIA,13.82,8.43,26.18,3.56,74.74494062552266,18.33082455260077
2016,NVIDIA,32.57,19.36,36.16,10.25,67.21885207652824,17.533831077928138
2017,NVIDIA,46.05,28.91,48.48,19.71,78.882905712174,30.735930735930733
2018,NVIDIA,49.26,33.76,21.11,9.36,82.45366284201235,27.740511915269195
2019,NVIDIA,25.95,18.27,51.62,11.81,85.42629147417051,29.90340193196136
2020,NVIDIA,29.78,18.79,75.53,19.33,70.45501939358552,19.577094715769277
2021,NVIDIA,44.83,26.73,63.27,23.04,70.85574311731189,21.65184514617392
2022,NVIDIA,0.0,10.23,83.14,22.55,69.49125896113696,11.973336687209155
2013,UnitedHealth,17.76,6.91,13.69,2.36,68.343962585034,12.083333333333334
2014,UnitedHealth,17.4,6.68,17.74,3.03,66.96931553207735,13.466498834114029
2015,UnitedHealth,17.57,5.88,19.57,3.32,57.10681387157952,13.85803305337307
2016,UnitedHealth,19.52,6.0,21.61,4.03,59.69446789880226,12.64971698408231
2017,UnitedHealth,23.99,8.06,20.65,4.28,63.345960237962075,14.711191335740073
2018,UnitedHealth,23.61,8.17,20.44,4.42,57.342517719876206,15.140927090612625
2019,UnitedHealth,25.32,8.36,20.52,4.63,59.04549134547392,16.798696440832554
2020,UnitedHealth,25.02,8.16,21.88,4.87,60.31256331387104,18.53185493525869
2021,UnitedHealth,25.19,8.3,27.77,6.31,61.04844061048441,16.920184438432614
2022,UnitedHealth,26.26,8.72,24.48,5.95,59.90600383927981,17.213506615770466
2013,Exxon Mobil,18.5,9.57,13.73,2.48,96.32256411898435,6.000981930346985
2014,Exxon Mobil,17.99,9.34,12.16,2.19,93.95330977547388,6.311845867256132
2015,Exxon Mobil,9.03,4.71,20.25,1.85,89.87216306198692,1.958980354283681
2016,Exxon Mobil,4.47,2.35,48.35,2.18,80.2568885277388,2.7327879146044176
2017,Exxon Mobil,10.7,5.81,18.37,1.86,82.1243392051884,6.191626273032816
2018,Exxon Mobil,10.6,6.0,13.97,1.47,84.00670266244647,6.956551175504816
2019,Exxon Mobil,7.22,4.05,20.77,1.5,80.51431901701446,2.167279143934856
2020,Exxon Mobil,12.36,6.45,0.0,1.07,70.4595993852547,0.6933056297275717
2021,Exxon Mobil,13.56,6.86,11.35,1.49,78.1654045684692,17.453883732725863
2022,Exxon Mobil,29.48,15.75,8.03,2.17,83.09448179064786,26.116487322810734
2013,JPMorgan Chase,8.38,0.69,13.41,1.11,41.6474546454963,21.28994341903637
2014,JPMorgan Chase,9.75,0.81,11.74,1.11,43.04568961673924,6.797528644246631
2015,JPMorgan Chase,10.46,0.92,10.9,1.12,44.4213382041846,13.181801054673272
2016,JPMorgan Chase,10.16,0.94,13.96,1.4,33.912618872274344,2.9196418088864693
2017,JPMorgan Chase,9.86,0.9,17.03,1.67,34.07009544418254,1.4426555415054945
2018,JPMorgan Chase,13.35,1.19,10.81,1.44,32.464417788195036,1.9761004983914283
2019,JPMorgan Chase,14.91,1.3,12.97,1.92,31.974403836977398,0.5006668216466212
2020,JPMorgan Chase,11.34,0.9,14.26,1.57,34.00717749946436,9.727849087473949
2021,JPMorgan Chase,18.29,1.3,10.3,1.85,33.9084912164203,9.00192987431607
2022,JPMorgan Chase,13.69,0.97,11.15,1.51,35.016655946011014,12.831127513514614
2013,Johnson & Johnson,19.92,10.89,19.0,3.47,84.74725626852519,16.33879218594431
2014,Johnson & Johnson,22.7,12.41,18.35,4.22,82.18300068336592,23.12486745057379
2015,Johnson & Johnson,0.0,11.68,18.71,3.98,84.69532300879689,23.29567774114062
2016,Johnson & Johnson,23.6,12.05,19.7,4.36,72.19101123595506,17.231198228491756
2017,Johnson & Johnson,1.99,0.87,357.0,6.23,63.49943530256172,20.69748049946697
2018,Johnson & Johnson,25.51,9.86,23.0,5.79,66.22040961078109,24.086798475042116
2019,Johnson & Johnson,25.36,9.73,21.51,6.49,68.01660643213322,26.514250423166658
2020,Johnson & Johnson,23.97,8.85,28.56,6.55,64.2129404124046,20.796801428803377
2021,Johnson & Johnson,30.41,11.7,21.9,6.08,68.68354148495926,18.992521387347598
2022,Johnson & Johnson,23.79,9.71,26.44,6.06,74.06935925625892,17.096786637349073
2013,Walmart,19.65,7.86,15.21,3.0,59.082159641464074,7.894908876960289
2014,Walmart,19.56,8.02,16.91,3.22,63.27504325737217,12.487575010124067
2015,Walmart,17.33,7.29,14.74,2.59,62.82101371962673,12.555036290140803
2016,Walmart,16.62,6.85,15.17,2.57,63.96337007974077,17.083902532007496
2017,Walmart,12.22,4.89,32.4,3.95,63.81927006838174,14.737606797113123
2018,Walmart,8.31,3.15,42.03,3.52,58.153324862346466,13.092056259036935
2019,Walmart,18.46,6.53,21.89,4.0,60.18153641797653,10.974097852557007
2020,Walmart,15.98,5.53,29.2,4.5,64.40317560756672,19.14856045500364
2021,Walmart,15.24,5.5,28.53,4.25,68.46756227134885,8.545499251179113
2022,Walmart,13.3,4.78,44.13,4.63,61.677246417367485,9.141788296979247
2013,Procter & Gamble,16.97,8.15,19.31,3.28,68.53628855284683,11.420221042971711
2014,Procter & Gamble,16.7,8.03,18.98,3.1,66.39530139572837,10.140142134676875
2015,Procter & Gamble,10.36,4.95,31.3,3.87,67.50896728946945,16.45698377857487
2016,Procter & Gamble,17.24,7.99,22.28,4.01,65.45760377507592,14.171210530474932
2017,Procter & Gamble,26.99,12.18,15.03,4.13,63.84113540116745,11.376902827057341
2018,Procter & Gamble,17.88,7.95,20.83,3.81,62.567152035798465,13.662522882542266
2019,Procter & Gamble,7.45,3.11,75.68,5.93,61.0640995781901,15.900680588981187
2020,Procter & Gamble,27.78,10.83,23.31,6.47,56.641747430964784,17.48405006574782
2021,Procter & Gamble,30.8,11.7,23.76,7.27,58.54625328216522,19.725812967077356
2022,Procter & Gamble,31.69,12.23,24.17,7.53,59.06163636824624,17.3385563246368
2013,Eli Lilly,28.91,13.45,11.83,3.12,80.76873769516048,22.33505791859347
2014,Eli Lilly,14.48,6.68,30.94,4.8,74.26366615349718,14.491648528780122
2015,Eli Lilly,16.07,6.7,37.28,6.13,64.6655763716222,10.641456917833416
2016,Eli Lilly,19.1,7.36,28.91,5.61,57.74175425358721,15.941571356513967
2017,Eli Lilly,1.59,0.49,0.0,7.64,46.09012695829416,17.929007639618572
2018,Eli Lilly,29.32,7.09,36.97,10.9,48.83489839519054,21.433397923187755
2019,Eli Lilly,74.59,11.15,14.97,45.34,14.066799762585658,20.518534506016294
2020,Eli Lilly,150.18,14.42,24.83,26.31,25.370986599514346,22.986329705908805
2021,Eli Lilly,76.36,11.7,44.99,27.4,34.717550168193945,23.009318331206742
2022,Eli Lilly,63.23,12.71,52.9,32.35,42.23510459414649,20.49982557843287
2013,Home Depot,35.55,13.2,20.33,8.75,45.95903985906188,23.221757322175733
2014,Home Depot,58.09,15.77,21.99,14.99,35.152155058637206,25.822994833892682
2015,Home Depot,89.64,17.11,23.04,25.58,22.9405782362342,28.741101263983726
2016,Home Depot,149.44,18.74,21.2,39.02,15.51156296985752,29.354907997422497
2017,Home Depot,298.25,19.73,27.45,162.76,5.104978582964679,35.74538304894319
2018,Home Depot,5245.75,25.12,18.77,0.0,6.042471042471043,34.501287001287004
2019,Home Depot,450.22,23.61,22.17,0.0,9.00604063701263,31.818838694759965
2020,Home Depot,14061.2,21.12,22.52,87.92,8.138244073315736,40.397661395761894
2021,Home Depot,2050.28,23.07,23.55,0.0,4.059164233401943,33.519218802355084
2022,Home Depot,0.0,23.06,18.51,253.49,3.490112836554575,25.686515473131493
2013,Bank of America,4.61,0.47,14.83,0.76,48.23896724224074,19.24230707833792
2014,Bank of America,2.02,0.21,45.87,0.84,50.034113561168084,6.3284766034401265
2015,Bank of America,6.3,0.68,11.69,0.75,51.96900231265469,5.760741672414492
2016,Bank of America,6.8,0.75,15.54,0.96,39.3051045916371,2.5510407484352227
2017,Bank of America,6.84,0.74,18.46,1.25,37.942617234713715,1.400979151487262
2018,Bank of America,10.94,1.15,9.3,1.02,37.80129193296994,5.630479816040599
2019,Bank of America,10.73,1.08,12.67,1.37,37.5578664306624,8.761800213311547
2020,Bank of America,6.73,0.62,16.04,1.07,37.08327445460178,5.162260725893235
2021,Bank of America,12.38,1.02,12.39,1.54,34.752027671295274,0.9255935032163506
2022,Bank of America,10.61,0.83,10.47,1.11,35.39985953927847,0.8198293220826541
2013,AbbVie,105.11,14.69,20.63,18.68,23.377569607077803,30.059849076242518
2014,AbbVie,56.91,6.26,60.04,59.92,10.419283449967104,17.566840122016867
2015,AbbVie,180.9,12.77,18.99,24.4,11.076482479784367,19.662511230907455
2016,AbbVie,138.75,9.99,17.19,21.84,11.177009499011524,15.820434929360141
2017,AbbVie,109.09,7.76,29.91,30.81,12.002825856587778,22.208877899446602
2018,AbbVie,339.62,8.74,25.75,0.0,17.32299614406432,26.230617770120602
2019,AbbVie,94.86,10.62,16.77,0.0,10.910547396528706,17.052069425901202
2020,AbbVie,187.45,3.85,37.47,13.64,13.208879206882292,16.93342611922988
2021,AbbVie,80.9,7.77,20.99,15.53,16.75640468953539,23.871037776812855
2022,AbbVie,72.34,8.3,24.57,17.94,21.459072966061722,30.100052136348964
2013,Coca-Cola,25.77,9.74,21.4,5.48,62.367115520907156,15.112462232832257
2014,Coca-Cola,22.18,7.8,26.39,6.06,57.471415676244916,15.856777493606138
2015,Coca-Cola,26.1,8.08,25.72,7.26,45.39831897235291,14.202392909376046
2016,Coca-Cola,26.65,7.36,27.87,7.77,41.147596179404935,11.837465223015718
2017,Coca-Cola,5.92,1.42,162.64,10.25,35.49956039433563,10.099706306002956
2018,Coca-Cola,33.83,7.52,31.57,10.58,38.550073831340896,12.798106681230657
2019,Coca-Cola,44.43,10.52,26.48,11.22,39.90769288970436,17.77101027105756
2020,Coca-Cola,36.56,8.92,30.47,11.07,34.387824344847644,14.308333602610915
2021,Coca-Cola,42.35,10.76,26.2,10.28,38.654103305656626,17.672668470317504
2022,Coca-Cola,37.65,10.2,28.61,10.54,41.254273026420876,15.349349861026804
2013,Pepsico,28.66,8.86,19.11,5.21,50.05746890521735,14.371331226140141
2014,Pepsico,30.81,8.79,21.99,8.07,42.41823587710605,18.762841741400564
2015,Pepsico,36.51,7.78,27.15,12.06,29.168586184322187,19.862764590354725
2016,Pepsico,53.81,8.84,23.95,13.27,23.26146560319043,16.03938185443669
2017,Pepsico,43.2,6.34,34.93,15.11,21.847519000437707,14.406509888185907
2018,Pepsico,97.55,15.89,12.54,10.71,30.995537906445485,13.379875744571832
2019,Pepsico,49.92,9.37,26.33,12.86,30.540752674846118,11.54005039864502
2020,Pepsico,50.42,8.3,25.53,15.16,22.68917483177901,10.840346054606472
2021,Pepsico,51.65,8.22,29.64,14.97,27.4610157306448,12.250731757415997
2022,Pepsico,53.69,9.66,33.79,14.41,29.246537963026125,9.985333242376697
2013,Oracle,24.49,13.64,14.69,3.57,70.93920394726504,21.329687770078095
2014,Oracle,23.66,12.73,17.34,4.01,67.7465874693015,20.476612028099833
2015,Oracle,20.59,9.88,19.38,3.93,55.1309835274038,14.809616313147759
2016,Oracle,18.37,7.98,19.05,3.55,52.14687107861858,13.635222870860385
2017,Oracle,18.53,7.65,20.0,3.44,48.366992109134685,10.793098836431723
2018,Oracle,7.09,2.63,50.24,4.11,43.606035798012876,12.698619432143786
2019,Oracle,32.02,8.99,16.38,8.22,28.477015153444547,16.415382656309692
2020,Oracle,57.78,9.04,16.74,13.4,14.98073955400582,13.635453356736443
2021,Oracle,147.26,11.15,16.93,39.37,6.550665301944729,15.135206524251329
2022,Oracle,7301.09,5.59,28.77,0.0,7.003909949729217,6.1053500740704765
2013,Costco,17.33,7.1,23.93,4.43,68.78201124297314,8.457214241099313
2014,Costco,17.49,6.5,25.92,4.26,71.07564743298501,11.30736029077692
2015,Costco,20.35,7.2,25.89,5.68,63.86500176699258,11.143833195900577
2016,Costco,20.28,7.1,30.24,5.76,70.49677013662607,3.6757560166923913
2017,Costco,22.89,7.71,25.7,6.2,62.434488588334744,23.803888419273033
2018,Costco,25.92,8.12,32.61,7.8,66.58028455284553,14.253048780487804
2019,Costco,25.51,8.49,35.1,8.24,69.54969429196234,14.98638818226447
2020,Costco,23.34,7.93,38.42,8.22,71.08383370069164,22.99536368473056
2021,Costco,27.22,8.72,39.89,11.16,70.70280417693301,21.001994602839375
2022,Costco,30.18,9.47,39.46,11.22,75.8969269225114,12.869430966034406
2013,Thermo Fisher Scientific,7.88,4.29,31.45,2.38,63.95618405126785,6.636135636693391
2014,Thermo Fisher Scientific,10.13,5.07,26.32,2.43,62.45680051793785,6.812524126359816
2015,Thermo Fisher Scientific,9.43,4.72,28.66,2.65,65.15086785635818,7.741742548153212
2016,Thermo Fisher Scientific,9.43,4.66,28.01,2.63,56.43470970446447,7.440788094739048
2017,Thermo Fisher Scientific,9.48,4.34,34.16,3.0,54.744619891859294,7.548307877900089
2018,Thermo Fisher Scientific,11.09,5.2,30.66,3.26,59.22792854689111,8.233854345585709
2019,Thermo Fisher Scientific,12.91,6.45,35.16,4.38,62.350296255830564,8.578812455351514
2020,Thermo Fisher Scientific,19.86,10.01,28.95,5.34,61.161315472393504,12.089800836345594
2021,Thermo Fisher Scientific,20.5,9.41,34.03,6.43,53.76294561198036,8.960271611111843
2022,Thermo Fisher Scientific,16.37,7.22,31.15,4.91,56.07743250127356,8.832144676515536
2013,Cisco,18.08,10.35,13.68,2.31,82.05839902298212,16.480237592983237
2014,Cisco,13.56,7.61,16.82,2.33,73.58762565261435,14.66141977713707
2015,Cisco,15.44,8.22,16.06,2.43,73.56340249371642,13.980336109605243
2016,Cisco,17.42,9.14,14.43,2.44,68.94327102398404,13.515418311141952
2017,Cisco,14.81,7.64,16.38,2.38,66.23370120375749,12.93788931840487
2018,Cisco,0.2,0.09,604.14,4.73,62.82116528288718,18.744274642664998
2019,Cisco,30.27,11.25,21.06,7.29,57.64548311211086,25.66066246544293
2020,Cisco,31.37,11.64,17.77,5.26,71.75838316554386,28.073196578608734
2021,Cisco,26.75,11.01,22.18,5.67,77.67511009070721,27.83318905491362
2022,Cisco,29.15,12.34,16.0,4.75,80.17133642410805,25.88187865349728
2013,McDonald,35.69,15.51,17.45,6.05,53.11866487499793,14.253720201065049
2014,McDonald,32.97,13.43,19.4,7.15,46.25338711941013,15.235110169095076
2015,McDonald,45.43,12.55,24.56,15.66,22.710349247036206,15.822813200897148
2016,McDonald,191.93,13.59,22.07,0.0,7.827769886363637,15.34588068181818
2017,McDonald,189.77,16.02,27.24,0.0,9.962078257794687,11.779822218970626
2018,McDonald,124.37,17.79,23.55,0.0,16.763406787969046,11.746491775527204
2019,McDonald,83.28,15.0,25.08,0.0,19.36962547920967,13.871070480684164
2020,McDonald,59.01,9.45,34.01,0.0,17.286751661869022,10.276746205150523
2021,McDonald,121.44,14.17,26.7,0.0,11.241225809131267,17.609950720381534
2022,McDonald,116.5,11.85,31.66,0.0,14.325564525173656,13.094502337323924
2013,Walt Disney,13.62,7.86,18.86,2.39,77.11649956757103,10.660174893494347
2014,Walt Disney,15.57,9.07,20.66,3.17,76.5058040747622,10.272656535340543
2015,Walt Disney,17.31,9.73,20.69,3.56,73.72975102665515,10.789350062887364
2016,Walt Disney,19.57,10.42,16.15,3.2,70.11541937682426,12.390914613367313
2017,Walt Disney,19.45,9.56,17.46,3.48,64.02162315954193,12.404865210896935
2018,Walt Disney,25.75,12.96,13.84,3.3,71.67937481344802,13.336770412178115
2019,Walt Disney,15.07,7.56,18.64,2.3,66.64702750665484,0.7865128660159716
2020,Walt Disney,3.14,1.45,0.0,2.54,60.087411754293996,2.4467121879488873
2021,Walt Disney,2.2,0.98,153.79,3.3,63.09380871948282,1.348555458325702
2022,Walt Disney,3.28,1.54,54.53,1.74,67.15133652069977,0.7191948277735521
2013,Nike,23.04,14.98,22.22,4.99,89.73922902494331,19.825072886297377
2014,Nike,24.59,14.9,25.07,6.26,89.97506234413966,17.75561097256858
2015,Nike,27.82,16.29,26.78,6.9,91.46332685525084,26.776074282012523
2016,Nike,30.12,17.5,24.99,7.65,85.75026232948584,15.851696397341728
2017,Nike,34.38,19.0,20.7,7.08,78.11004784688996,17.338201964240746
2018,Nike,17.4,8.44,60.34,11.88,73.85217522203824,29.557428872497365
2019,Nike,42.74,17.42,30.13,13.48,72.26219024780175,38.2414068745004
2020,Nike,29.7,9.22,61.83,19.26,46.12345396243701,8.010765002290427
2021,Nike,55.01,16.58,36.85,16.57,56.36893461079959,26.3234579893152
2022,Nike,43.11,15.49,31.19,12.28,61.86389215011538,17.934496579085867
2013,Danaher,12.98,7.97,15.09,1.82,86.7247886094383,11.770659105921252
2014,Danaher,11.32,7.25,17.56,1.95,87.33208448008104,12.263838249917136
2015,Danaher,14.22,7.88,14.58,2.07,66.3999195287964,9.358409799604352
2016,Danaher,10.9,5.46,21.29,2.36,65.28829287613874,8.323431222769194
2017,Danaher,10.08,5.42,25.82,2.44,71.47643547608851,7.968511962526634
2018,Danaher,9.71,5.61,27.28,2.56,74.33539718087209,9.073903306547226
2019,Danaher,10.34,5.35,37.43,3.83,57.33469704718072,6.305282497111578
2020,Danaher,10.77,5.08,44.7,4.3,64.19669378793749,8.748224202505488
2021,Danaher,15.99,7.87,37.52,5.61,65.99599643478133,10.340595274624118
2022,Danaher,15.73,8.48,26.79,3.95,71.79288693931966,10.573546065740622
2013,Wells Fargo,13.89,1.42,11.49,1.55,52.77926951970026,17.915717610167714
2014,Wells Fargo,13.6,1.36,13.15,1.73,50.17862705001287,4.7477688547013175
2015,Wells Fargo,12.71,1.24,12.91,1.63,49.2825860960229,4.042427184712793
2016,Wells Fargo,11.72,1.1,13.9,1.61,34.455576559546316,0.1732256401443547
2017,Wells Fargo,11.46,1.06,14.86,1.66,36.11347822993122,3.231449839546948
2018,Wells Fargo,11.6,1.08,10.31,1.27,34.06829355996432,6.236213012841347
2019,Wells Fargo,10.64,0.95,13.25,1.42,33.48849803772765,1.1989190132878706
2020,Wells Fargo,1.08,0.09,73.61,0.76,40.578506798700346,0.44814830190905497
2021,Wells Fargo,12.11,1.04,9.58,1.15,47.29963401314169,2.8674361264607753
2022,Wells Fargo,7.26,0.63,13.14,0.98,44.589227487803086,6.631199588124249
2013,T-Mobile US,0.34,0.08,0.0,1.59,38.82952624979556,2.346944338439732
2014,T-Mobile US,1.65,0.46,86.9,1.39,39.101779963551934,7.666575130439124
2015,T-Mobile US,4.21,1.14,46.57,1.92,36.56904320169626,2.7498012191889742
2016,T-Mobile US,8.08,2.19,33.91,2.63,37.489464054437434,12.110683962749007
2017,T-Mobile US,21.97,6.57,11.9,2.36,42.19159123213885,13.52958779082816
2018,T-Mobile US,12.22,4.04,18.76,2.19,45.08773849914268,3.22680675641166
2019,T-Mobile US,12.96,4.35,19.32,2.33,47.519146969496894,0.8814208371847352
2020,T-Mobile US,6.51,2.13,47.99,2.36,44.79543709553581,2.5549797082373584
2021,T-Mobile US,4.5,1.49,47.93,2.09,45.43165396677208,5.11173496558208
2022,T-Mobile US,3.73,1.24,67.17,2.49,49.13795535991422,0.36682750641948136
2013,Abbott Laboratories,9.89,4.68,23.66,2.36,88.14889757186715,7.6018699413898965
2014,Abbott Laboratories,9.74,5.43,30.21,3.15,86.25582971260015,10.355961254833181
2015,Abbott Laboratories,20.59,10.73,15.38,3.15,78.40441176470588,6.8235294117647065
2016,Abbott Laboratories,6.66,2.98,41.99,2.78,50.03985410980412,5.028864037100553
2017,Abbott Laboratories,1.84,0.74,226.12,3.29,52.87336779107725,7.540465179542981
2018,Abbott Laboratories,7.66,3.3,54.38,4.14,61.336048554544,9.794761220252356
2019,Abbott Laboratories,11.89,5.46,42.17,4.91,63.5695282195008,9.135035236296432
2020,Abbott Laboratories,13.98,6.4,43.8,5.88,64.03748763024623,11.10658361953548
2021,Abbott Laboratories,20.49,9.57,35.72,6.93,66.61981728742094,15.992898620409068
2022,Abbott Laboratories,19.01,9.27,28.03,5.35,68.75256157084839,14.538544655165989
2013,Verizon,12.71,4.61,12.25,1.48,50.48278635182824,12.563026766204427
2014,Verizon,17.65,3.8,18.56,13.59,10.772999755803603,12.172796521382939
2015,Verizon,113.45,7.5,10.55,10.58,13.985937242790289,8.865651284382814
2016,Verizon,62.7,5.38,16.95,9.27,18.19090152145939,3.1004465975323594
2017,Verizon,87.61,12.01,7.25,4.89,27.621737894203314,4.01033489510576
2018,Verizon,31.74,5.95,14.91,4.24,31.974995186753947,9.778109356950328
2019,Verizon,33.64,6.92,13.18,4.04,31.55938685501033,8.691875109233157
2020,Verizon,27.55,5.85,13.66,3.51,31.064751429788128,9.01144288402804
2021,Verizon,29.49,6.46,9.75,2.64,31.491606345294933,10.912906206684122
2022,Verizon,24.58,5.7,7.93,1.85,34.0757080100944,3.8885877184783624
2013,Salesforce,13.85,5.58,0.0,10.49,81.63802304405566,19.771672930807952
2014,Salesforce,8.67,3.16,0.0,11.91,61.85136180433987,11.732280258926027
2015,Salesforce,7.49,2.65,0.0,8.99,74.35983291774771,16.666884903673303
2016,Salesforce,1.06,0.4,0.0,9.05,79.54991039868214,22.06418539124849
2017,Salesforce,5.17,2.13,282.5,7.26,78.71243383022757,17.820186135937163
2018,Salesforce,4.03,1.82,670.06,7.85,85.78042328042328,18.22089947089947
2019,Salesforce,8.54,4.21,102.68,7.31,82.21379274010853,14.767398977925295
2020,Salesforce,0.51,0.29,792.65,4.46,90.69618050908701,9.871256122694788
2021,Salesforce,10.8,6.71,50.88,5.0,92.27433451197545,9.097782818511353
2022,Salesforce,2.9,1.79,152.05,3.82,83.61405578010155,7.5989240970614045
2013,Comcast,13.52,4.21,20.3,2.67,51.62327485971387,4.702492290581872
2014,Comcast,16.1,5.27,18.13,2.82,52.4651751376682,8.265034750714292
2015,Comcast,15.25,5.01,17.42,2.6,50.63649752811939,8.85374159232263
2016,Comcast,15.76,5.0,19.34,2.96,47.92185633850879,7.297389523972019
2017,Comcast,36.19,12.36,8.61,2.78,51.829272842592246,7.176062381076745
2018,Comcast,16.53,5.34,13.51,2.15,39.35086433824527,6.582539553312166
2019,Comcast,16.7,5.07,15.89,2.44,43.85408115781383,6.354277229068741
2020,Comcast,12.0,3.92,22.98,2.61,45.71676317861521,5.5545035033338985
2021,Comcast,14.97,5.15,16.61,2.37,49.359526099944304,8.158067945926788
2022,Comcast,6.0,2.01,29.89,1.92,44.94631352899069,6.7815648918011115
2013,United Parcel Service,77.93,11.65,22.55,15.22,37.373271889400925,30.777649769585253
2014,United Parcel Service,70.14,8.46,33.59,47.19,16.680837906779004,26.675427069645202
2015,United Parcel Service,208.39,13.14,17.85,34.81,14.805349182763743,30.175334323922737
2016,United Parcel Service,234.38,8.7,29.74,236.87,2.5993698497333977,21.788657295201162
2017,United Parcel Service,675.15,11.41,21.97,105.19,4.045352190574014,14.711808161814089
2018,United Parcel Service,235.95,10.02,17.67,27.81,11.783649555736623,25.084390641368877
2019,United Parcel Service,140.51,8.23,22.91,30.81,11.510816591283616,8.148381894042986
2020,United Parcel Service,67.97,2.23,102.06,218.24,2.6418670773605024,20.088457133830907
2021,United Parcel Service,172.58,19.56,14.53,13.13,39.43455671014814,32.29327879725846
2022,United Parcel Service,67.79,16.44,13.22,7.67,50.17863930064615,23.68427720765235
2013,Texas Instruments,19.52,10.91,22.75,4.46,67.69182586908863,18.74725963044159
2014,Texas Instruments,26.2,15.3,20.57,5.48,69.16982890619799,25.371147060781574
2015,Texas Instruments,29.37,17.77,19.44,5.68,70.70951229916109,28.124555666145312
2016,Texas Instruments,35.21,22.01,21.83,7.05,74.37153813378782,28.9944610140605
2017,Texas Instruments,35.06,21.41,28.61,10.12,71.71499930623006,32.662689052310256
2018,Texas Instruments,57.29,31.84,16.43,10.19,63.959607452709434,43.144645142938415
2019,Texas Instruments,55.7,28.36,23.98,13.48,60.55064581917063,39.64649898028552
2020,Texas Instruments,61.55,29.8,26.95,16.45,57.47263059117923,34.36972161401314
2021,Texas Instruments,68.7,35.14,22.44,13.05,63.26753345354466,30.222074594286795
2022,Texas Instruments,62.41,33.57,17.11,10.26,62.530027453671934,25.420384351406998
2013,Philip Morris,180.97,22.5,16.56,0.0,18.479029217719134,26.31656456173421
2014,Philip Morris,85.36,20.34,17.11,0.0,27.554232869300016,16.198534113827538
2015,Philip Morris,60.4,19.81,19.89,0.0,28.721593753128445,17.28150966062669
2016,Philip Morris,62.1,19.63,20.36,0.0,27.272499812345185,17.27675332149023
2017,Philip Morris,56.99,15.09,26.97,0.0,22.953173730619937,16.52269514685095
2018,Philip Morris,75.3,19.08,13.14,0.0,25.269424443503226,18.923243446750433
2019,Philip Morris,70.49,17.34,18.42,0.0,23.617262080503888,22.72906210018699
2020,Philip Morris,79.45,18.33,16.01,0.0,25.2116584058624,21.841724571347264
2021,Philip Morris,96.43,21.1,16.3,0.0,22.791136780141056,31.15177430999056
2022,Philip Morris,124.31,17.53,17.41,0.0,12.766516972124448,19.674717805558927
2013,Bristol-Myers Squibb,17.75,6.88,34.07,5.74,64.62504241601629,12.758737699355278
2014,Bristol-Myers Squibb,13.26,5.54,48.79,6.53,65.67170721016875,11.492439184746878
2015,Bristol-Myers Squibb,10.64,4.78,70.92,7.95,68.31809785440251,6.086297541798891
2016,Bristol-Myers Squibb,28.97,13.62,22.27,6.08,70.90435914118413,7.993927564519628
2017,Bristol-Myers Squibb,7.14,2.99,100.51,8.51,59.806148720278664,21.303447927709627
2018,Bristol-Myers Squibb,37.88,14.36,17.16,6.01,65.78040603464332,23.230582976345687
2019,Bristol-Myers Squibb,10.45,4.17,29.05,2.12,52.52207129867623,7.346262864341519
2020,Bristol-Myers Squibb,20.13,7.26,0.0,3.7,42.776485467151474,15.017276812936156
2021,Bristol-Myers Squibb,18.93,6.14,19.79,3.85,44.6951923434998,18.910363832718875
2022,Bristol-Myers Squibb,18.85,6.14,24.25,4.95,44.17785854226412,16.962435049263185
2013,Adobe,4.33,2.84,99.58,4.23,81.6234554414585,11.987352220037385
2014,Adobe,3.98,2.54,144.61,5.42,81.73365724914417,13.740889867820155
2015,Adobe,9.14,5.59,72.02,6.52,78.5916413078739,15.067668970378758
2016,Adobe,16.2,9.57,43.75,6.9,79.69097481603599,21.42225427818277
2017,Adobe,21.33,12.44,52.75,10.59,81.80671850417114,26.444766562005317
2018,Adobe,29.08,15.56,47.52,13.16,69.41627103613801,27.893713237502144
2019,Adobe,29.67,14.93,49.88,13.97,71.78892827924734,27.45432233433324
2020,Adobe,44.21,23.35,43.74,17.35,75.91140616951868,30.378297945401478
2021,Adobe,34.37,18.72,66.32,21.59,77.80932849555661,36.188673292317404
2022,Adobe,32.97,17.48,34.05,11.54,77.28822882288229,40.68206820682068
2013,Raytheon Technologies,18.98,6.36,11.26,1.94,62.138047138047135,9.395809951365507
2014,Raytheon Technologies,18.91,6.84,10.44,2.0,62.305558212953216,9.168659714914378
2015,Raytheon Technologies,24.78,8.52,6.89,1.83,58.54391199334267,9.470458097383752
2016,Raytheon Technologies,17.43,5.71,11.32,1.96,54.963256076879595,8.149613717731299
2017,Raytheon Technologies,15.03,4.88,13.98,2.03,53.340916035717925,5.495195735578719
2018,Raytheon Technologies,14.63,4.56,10.12,1.32,47.14035311734593,0.9321276422858602
2019,Raytheon Technologies,13.05,4.04,14.57,1.82,50.55953728152899,4.117371375010002
2020,Raytheon Technologies,5.96,2.33,0.0,1.31,69.88597113792288,2.1074047788029335
2021,Raytheon Technologies,5.2,2.39,33.36,1.73,70.33886329593308,4.427738367766064
2022,Raytheon Technologies,6.98,3.25,28.64,2.01,69.91856124872751,4.140745767824153
2013,Nextera Energy,11.19,2.85,19.16,2.01,38.82408642878664,3.045237377867688
2014,Nextera Energy,12.9,3.43,18.98,2.29,41.269516462379016,2.4760072847817636
2015,Nextera Energy,12.72,3.5,17.11,2.02,43.7735563173545,4.234928691831285
2016,Nextera Energy,12.0,3.37,19.12,2.17,45.09622403019352,4.961635007388154
2017,Nextera Energy,19.61,5.72,13.62,2.46,45.74477972612925,1.9068715533800111
2018,Nextera Energy,19.83,6.58,12.46,2.2,49.80099833610649,3.097504159733777
2019,Nextera Energy,9.57,3.4,31.17,2.82,49.271529490249335,9.519554936087584
2020,Nextera Energy,6.77,2.38,51.87,3.36,48.30036551279295,6.036336271769512
2021,Nextera Energy,7.91,2.66,51.58,4.03,45.31027121923971,5.748571086572703
2022,Nextera Energy,8.85,2.77,40.11,3.42,42.656145182360625,8.347456131059564
2013,Netflix,10.82,2.4,189.82,16.07,72.73064421126115,1.2129409454831037
2014,Netflix,16.72,4.28,76.95,11.05,67.71165930397002,4.666564609485486
2015,Netflix,6.01,1.42,400.35,21.91,48.39024199147295,19.993079117870458
2016,Netflix,7.61,1.57,289.75,20.4,44.33737969692808,27.445066353855236
2017,Netflix,17.85,3.43,155.87,24.24,35.5304179284801,19.43432403666558
2018,Netflix,27.46,5.38,96.28,22.24,33.584377802694185,18.299000630175467
2019,Netflix,29.12,6.23,75.78,18.68,33.6500029734933,13.937073780801176
2020,Netflix,29.62,7.54,86.38,21.55,40.04744062050652,6.982001300744507
2021,Netflix,38.02,12.2,52.39,16.84,50.22368819658956,2.916343973442612
2022,Netflix,24.53,9.64,29.64,6.32,58.55018587360594,4.560976462021592
2013,American Express,27.68,3.47,18.48,5.04,26.05511453238179,10.078047737417476
2014,American Express,29.07,3.74,16.64,4.7,26.292160553492394,12.457394312458666
2015,American Express,24.49,3.16,13.77,3.36,30.076817877615152,13.624989088369658
2016,American Express,25.51,3.28,13.34,3.43,23.08775170052705,7.788639127888644
2017,American Express,13.65,1.56,34.0,4.78,23.610410767619562,16.13332816156601
2018,American Express,33.47,3.67,12.02,3.66,23.431586914473133,8.010259860398621
2019,American Express,29.24,3.43,15.54,4.47,22.407078270835154,11.642046171925838
2020,American Express,13.18,1.56,32.07,4.23,28.85878231608553,5.164295669424808
2021,American Express,35.06,4.17,16.34,5.82,28.697688863583426,16.945314319728773
2022,American Express,31.56,3.55,14.94,4.47,36.72641341180667,28.57142857142857
2013,Honeywell,25.61,8.99,17.46,3.9,70.01075311641245,13.552909315384923
2014,Honeywell,23.97,9.33,17.61,4.2,71.79942670273326,16.165368000322985
2015,Honeywell,26.34,10.06,16.16,4.18,75.0254592855106,18.171819626054013
2016,Honeywell,25.35,9.3,17.96,4.35,61.16848166228564,13.84403554887971
2017,Honeywell,8.53,2.72,68.52,6.74,54.480368760011764,16.414397332374385
2018,Honeywell,38.63,11.54,14.5,5.35,59.246111146969604,18.14045052604402
2019,Honeywell,33.15,10.55,20.77,6.82,59.9705052577584,19.559502436522187
2020,Honeywell,26.19,7.75,31.33,8.42,48.63712168849277,14.65128359351505
2021,Honeywell,29.93,8.59,26.06,7.5,54.51145924813734,14.64630726082892
2022,Honeywell,27.17,7.84,29.2,8.61,50.681844785204255,13.276951890436614
2013,AMD,15.34,1.99,0.0,5.36,21.400472069236823,0.23603461841070023
2014,AMD,110.26,9.95,0.0,10.97,8.415841584158416,8.685868586858685
2015,AMD,586.67,19.27,0.0,0.0,17.031831335262503,12.980570483670938
2016,AMD,24900.0,15.55,0.0,22.94,22.474338195569963,0.21609940572663425
2017,AMD,6.52,0.96,366.0,17.54,29.934706177800102,5.072827724761426
2018,AMD,36.2,8.31,54.29,14.32,50.31796502384738,5.12718600953895
2019,AMD,16.66,6.44,152.87,17.7,84.23718712753278,8.224076281287248
2020,AMD,57.48,33.22,44.09,18.6,94.02384020618557,12.51610824742268
2021,AMD,47.43,29.58,55.13,23.28,95.99231754161332,41.2291933418694
2022,AMD,4.24,3.3,71.93,1.89,95.68834437317581,6.230665711239666
2013,Amgen,24.69,8.44,16.93,3.89,40.749483623487755,10.360725877840071
2014,Amgen,21.55,7.63,23.46,4.69,45.63043208893137,14.07608022232843
2015,Amgen,25.77,9.88,17.72,4.38,47.188802258368064,15.813617421696465
2016,Amgen,26.65,10.36,14.61,3.77,46.33866389539483,14.915233205627338
2017,Amgen,7.18,2.51,67.3,5.13,41.663502962877374,17.353052836604327
2018,Amgen,44.48,11.47,15.34,10.29,26.92282840466088,22.740097783712766
2019,Amgen,70.73,12.44,18.62,15.08,24.441580756013746,21.558520315342633
2020,Amgen,76.13,11.84,18.56,14.32,22.193654912135866,23.3258638990447
2021,Amgen,73.16,9.5,21.72,19.14,16.746232097777998,20.947786747981702
2022,Amgen,126.47,10.38,21.48,38.24,8.59268647608318,20.619161620429047
2013,Deere & Company,41.3,6.11,8.94,3.07,22.947965509997008,6.777759401386573
2014,Deere & Company,32.71,5.23,9.9,3.43,19.697374624923135,7.754883875551615
2015,Deere & Company,24.52,3.25,13.87,3.96,15.496594583438439,9.434723782878896
2016,Deere & Company,22.94,2.63,18.28,4.26,15.497018435158974,10.396917111785545
2017,Deere & Company,26.83,3.49,19.8,4.44,19.272947921412413,6.132347427115378
2018,Deere & Company,22.72,3.49,18.48,3.87,21.08172717764829,4.499103541012999
2019,Deere & Company,28.66,4.55,16.96,4.83,20.112076409325603,6.943098313567236
2020,Deere & Company,22.6,3.72,26.39,5.61,21.729344777197372,14.186136352184356
2021,Deere & Company,38.02,7.49,18.75,6.06,27.458955335061532,13.366705402103632
2022,Deere & Company,36.86,8.19,16.86,5.95,27.961856395677792,7.80812276610132
2013,Caterpillar,19.7,4.36,15.47,2.81,35.61097086716245,11.238657296854745
2014,Caterpillar,13.01,2.89,15.31,3.36,29.98699007324767,9.94813851116537
2015,Caterpillar,15.84,3.08,19.42,2.71,28.13906007788574,7.936027827139022
2016,Caterpillar,0.48,0.09,0.0,4.16,26.428114249139934,7.220577646211697
2017,Caterpillar,5.59,0.99,120.8,6.75,28.29948195049749,9.320779541156154
2018,Caterpillar,44.15,7.91,12.27,5.34,27.807951336085164,9.04153417731519
2019,Caterpillar,42.45,7.76,13.64,5.67,27.978808858967984,10.320162184906094
2020,Caterpillar,19.98,3.82,33.09,6.44,29.268571211054223,9.48592527740241
2021,Caterpillar,40.69,8.06,17.36,6.75,30.413405763741828,11.032133321056993
2022,Caterpillar,41.38,8.14,18.88,7.77,30.04878602223735,11.339913773542092
2013,Lowe's Companies,12.8,5.87,22.73,3.17,60.421208685794014,11.690067149210778
2014,Lowe's Companies,17.66,6.94,21.73,4.14,52.97666934835077,14.507910968087959
2015,Lowe's Companies,24.58,8.32,25.34,6.78,46.74106724186439,19.2300478289412
2016,Lowe's Companies,28.76,8.05,26.81,8.8,37.69886223710782,17.948086489681327
2017,Lowe's Companies,43.5,9.33,21.06,10.0,29.069714905344963,20.2728956761397
2018,Lowe's Companies,55.84,9.86,25.54,14.96,25.682175966415954,17.434843449361555
2019,Lowe's Companies,48.48,6.61,34.34,21.4,18.341974127950873,25.645542860019127
2020,Lowe's Companies,151.99,11.54,21.21,45.8,9.267788325970486,13.981577215903751
2021,Lowe's Companies,340.92,13.48,21.08,85.04,6.189430158935263,40.26359994831373
2022,Lowe's Companies,497.72,18.41,19.75,0.0,16.30166198422638,28.341739159868666
2013,Union Pacific Corporation,21.35,9.06,17.72,3.67,68.90786312577106,11.119407830660347
2014,Union Pacific Corporation,24.43,10.15,20.61,5.04,64.99294521808478,9.74480093245813
2015,Union Pacific Corporation,22.78,8.92,14.19,3.27,59.31295304128585,8.437670114316822
2016,Union Pacific Corporation,20.83,7.67,20.14,4.28,57.047997939265585,11.874982111680357
2017,Union Pacific Corporation,47.83,18.87,10.01,4.36,59.464114832535884,9.952153110047847
2018,Union Pacific Corporation,26.35,10.2,17.37,5.08,47.70168636427337,12.407156537581166
2019,Union Pacific Corporation,30.71,9.8,21.47,7.02,41.83899556868538,12.070716395864107
2020,Union Pacific Corporation,30.49,8.62,26.39,8.32,38.817039393870026,13.189278275001717
2021,Union Pacific Corporation,41.92,10.36,25.22,11.63,32.26475279106858,14.294827979038505
2022,Union Pacific Corporation,53.17,10.85,18.48,10.63,26.738332344083187,13.049308624062961
2013,Intuit,27.35,16.87,22.04,5.38,87.61786600496278,29.057071960297765
2014,Intuit,27.45,16.97,25.94,7.59,86.04976237070171,35.22504892367906
2015,Intuit,13.49,7.18,78.93,12.75,82.34463276836158,46.89265536723164
2016,Intuit,56.05,21.24,28.99,24.99,53.72512725590005,43.405830633965756
2017,Intuit,78.33,23.68,36.3,26.04,73.50705754614549,74.3213897937025
2018,Intuit,63.74,28.89,43.27,18.57,86.53964351567302,61.094038106945305
2019,Intuit,47.43,27.28,46.3,19.23,89.58183990442055,51.82795698924731
2020,Intuit,41.24,21.22,43.83,15.66,59.922544302311934,26.72221570238235
2021,Intuit,27.54,15.59,69.68,14.43,82.45467457598798,26.109115214303618
2022,Intuit,15.71,9.55,61.1,7.64,70.14377746490891,15.615000639959042
2013,IBM,78.65,13.43,11.86,8.56,36.600316056634796,22.720960301371175
2014,IBM,68.81,9.87,12.78,12.82,22.78140169902913,25.65989077669903
2015,IBM,99.78,11.58,9.75,8.93,26.557177839559593,25.86121186456281
2016,IBM,72.36,10.42,12.85,8.3,30.369881109643327,23.02014531043593
2017,IBM,31.86,4.74,24.02,7.76,27.45975925266077,21.61923499976762
2018,IBM,50.37,7.02,11.36,5.85,26.982356035128547,19.285634593009355
2019,IBM,49.75,6.84,12.04,5.42,25.01668971436746,15.522626484192456
2020,IBM,26.8,3.63,19.19,5.17,25.25834755057275,19.21398976358762
2021,IBM,28.92,3.99,20.85,6.3,26.868458274398872,15.729844413012732
2022,IBM,7.99,1.26,78.2,5.82,30.17815540633137,11.751404686857612
2013,Starbucks,0.17,0.08,34.06,12.87,77.52564124738399,30.390715533493605
2014,Starbucks,42.4,18.57,27.85,10.78,72.02540289538378,7.553947009013931
2015,Starbucks,49.71,23.8,31.23,14.61,71.25733106412156,30.050322628041094
2016,Starbucks,48.12,21.08,28.49,13.53,62.16507139163563,34.37773720701991
2017,Starbucks,50.84,20.12,27.31,14.29,58.09274399591211,29.087889626980072
2018,Starbucks,136.24,23.46,17.31,65.36,11.075839071581308,93.83471961868518
2019,Starbucks,142.4,16.6,30.18,0.0,35.80417169453543,18.619778199161065
2020,Starbucks,13.23,3.82,111.58,0.0,32.896507218808125,0.48167565766442133
2021,Starbucks,64.04,13.82,31.07,0.0,26.66542902013517,22.67452070465573
2022,Starbucks,46.84,11.05,29.88,0.0,36.63752074330529,10.765459553713578
2013,S&P Global,126.01,20.99,15.73,15.97,62.71581894540365,31.031264582361175
2014,S&P Global,12.21,1.79,0.0,44.82,40.4047976011994,83.73313343328336
2015,S&P Global,295.65,15.46,23.2,110.18,6.305137519460301,5.6305137519460295
2016,S&P Global,446.19,24.99,13.52,40.63,16.436107854630716,33.88042203985932
2017,S&P Global,203.95,16.54,28.89,56.25,17.670126874279124,43.66782006920415
2018,S&P Global,270.07,20.76,21.73,62.34,15.73861021629084,44.891854578923144
2019,S&P Global,348.03,20.42,31.57,125.01,11.66231505657093,57.89817232375979
2020,S&P Global,422.58,19.59,33.85,138.75,11.943108136373144,73.01819702991006
2021,S&P Global,225.84,21.94,37.57,53.93,33.35444039892354,56.40335602342884
2022,S&P Global,16.84,8.46,31.8,2.91,76.90215672632978,5.300107520080957
2013,Prologis,2.31,1.22,54.34,1.28,61.137880606374,18.540068924562064
2014,Prologis,4.26,2.47,34.7,1.42,61.92186318594422,5.264312671233714
2015,Prologis,5.16,3.02,25.86,1.22,61.305385742055876,4.804266021292166
2016,Prologis,6.55,3.9,23.26,1.51,62.17283972241038,6.318050499807501
2017,Prologis,8.87,5.5,20.78,1.82,66.12753324186731,9.230727352878688
2018,Prologis,7.41,4.84,20.68,1.29,69.42495784193774,2.512477898466004
2019,Prologis,6.06,3.99,36.09,2.16,67.69489059206526,3.822461952460504
2020,Prologis,4.73,3.07,49.34,2.0,67.83344656156547,3.1535400971733525
2021,Prologis,7.94,5.12,42.3,3.3,66.86752324369641,3.1164394118978955
2022,Prologis,7.04,4.59,25.85,1.53,70.76145210985906,0.03542775312591528
2013,CVS Health,12.15,6.67,18.93,2.3,73.89559797428905,7.504869497467862
2014,CVS Health,12.24,6.37,24.08,2.95,74.65242955184551,11.82231136806088
2015,CVS Health,13.93,6.29,20.94,2.94,57.530115824145234,9.598404131937464
2016,CVS Health,14.36,5.69,16.27,2.34,57.22675367047309,12.30016313213703
2017,CVS Health,17.77,6.99,11.35,1.99,58.26390713634326,9.411564678424037
2018,CVS Health,1.23,0.41,0.0,1.17,44.360167308216894,5.173824750704695
2019,CVS Health,10.81,3.17,14.6,1.51,48.37542404824727,7.83339615529589
2020,CVS Health,10.73,3.17,12.46,1.28,51.88093607645815,9.994938517878941
2021,CVS Health,10.9,3.41,17.19,1.81,57.299117492797805,11.968196295142029
2022,CVS Health,5.66,1.8,29.31,1.71,57.71269493157669,10.884606980715228
2013,Intel,17.58,10.89,13.45,2.21,81.24738501018103,13.987057543722631
2014,Intel,20.51,12.7,15.12,3.18,80.35817031070196,14.83457997698504
2015,Intel,19.53,11.81,14.29,2.67,72.93295922631484,13.959763596203212
2016,Intel,16.21,9.61,16.87,2.61,72.37102361516354,13.313444579221716
2017,Intel,14.2,8.12,22.97,3.19,72.02082811586943,10.781367392937641
2018,Intel,29.33,16.76,10.27,2.9,73.88180971443293,14.120806167138976
2019,Intel,27.68,15.92,12.52,3.41,72.77029247453171,15.897845171588187
2020,Intel,26.36,14.43,10.0,2.58,69.00433416497074,18.23159257146263
2021,Intel,22.52,12.36,10.51,2.19,71.45821472447787,6.8371138345369005
2022,Intel,8.07,4.57,13.57,1.06,71.06655566029298,6.617034891321549
2013,Gilead Sciences,28.89,14.04,37.36,9.78,63.675792897804286,15.803740851179182
2014,Gilead Sciences,87.8,42.28,11.84,9.07,54.88134887593672,42.537468776019985
2015,Gilead Sciences,103.68,41.93,8.19,7.75,45.98339949476723,49.32755924455672
2016,Gilead Sciences,70.18,24.84,7.36,5.13,42.0879885232361,35.427987653784285
2017,Gilead Sciences,23.22,7.27,20.93,4.72,37.54693137488324,20.710243402135493
2018,Gilead Sciences,25.95,8.14,14.89,3.77,43.15776815776815,14.983164983164984
2019,Gilead Sciences,24.38,8.6,15.33,3.64,46.94105943795076,17.240736135289726
2020,Gilead Sciences,0.6,0.19,582.6,4.02,35.842004838995216,14.788441489466333
2021,Gilead Sciences,31.69,9.13,14.67,4.33,43.22150405252898,22.17092438699087
2022,Gilead Sciences,21.73,7.0,23.27,5.04,44.5398798773573,17.522785501281028
2013,Stryker Corporation,11.4,6.95,28.35,3.14,76.59808652950639,14.317161967657269
2014,Stryker Corporation,5.84,3.12,59.33,4.15,68.38796944621261,12.324952259707194
2015,Stryker Corporation,16.82,8.59,24.33,4.11,68.03901191142377,5.683907586537693
2016,Stryker Corporation,18.24,8.99,27.08,4.68,58.005344995140916,8.65524781341108
2017,Stryker Corporation,10.45,4.79,57.84,5.92,58.01650970817347,5.586559702360191
2018,Stryker Corporation,32.73,14.38,16.52,5.0,54.33322525360137,9.43999258881838
2019,Stryker Corporation,16.98,7.26,37.69,6.13,53.592501150772065,6.4526928066284475
2020,Stryker Corporation,12.35,4.96,57.39,7.03,48.32502308402585,10.304709141274238
2021,Stryker Corporation,14.26,5.78,50.55,6.78,54.382950723790024,10.008773212457962
2022,Stryker Corporation,14.97,6.59,39.49,5.6,56.01402373247033,6.86353829557713
2013,Applied Materials,3.57,2.12,85.05,3.03,78.45915430595528,4.793004206331636
2014,Applied Materials,14.34,8.5,24.01,3.41,80.16301579215487,16.138563423331636
2015,Applied Materials,17.79,9.67,14.95,2.69,62.63266145619086,7.799259563965447
2016,Applied Materials,23.21,11.52,18.52,4.46,68.45949535192563,21.940808195788275
2017,Applied Materials,42.48,20.71,17.69,6.48,63.80263427284515,23.50371937487204
2018,Applied Materials,37.52,16.4,9.93,4.87,56.3189073556031,26.04080961000494
2019,Applied Materials,35.94,14.76,18.78,6.19,60.72299844754935,20.74369778960597
2020,Applied Materials,38.52,17.49,15.27,5.22,65.74269732753262,21.01926662523306
2021,Applied Materials,51.59,24.44,21.53,10.37,68.91177132568085,26.862480306099485
2022,Applied Materials,53.39,24.83,11.79,6.31,68.75281912494361,26.00360847992783
2013,Analog Devices,15.13,11.22,22.61,3.2,84.45709235150093,14.06442116817717
2014,Analog Devices,13.25,9.51,24.69,3.27,84.49941303818892,12.319804499981354
2015,Analog Devices,14.18,10.01,27.06,3.72,85.36183573985048,12.68473756034522
2016,Analog Devices,16.83,11.47,22.97,3.83,74.88793528371365,16.874220766041347
2017,Analog Devices,10.51,5.53,43.68,3.11,56.41344790485782,5.27557901071582
2018,Analog Devices,14.01,7.22,20.88,2.75,64.02063765138482,12.428327284379607
2019,Analog Devices,11.86,6.52,28.98,3.36,68.07229300899768,11.49768823058512
2020,Analog Devices,10.3,5.7,35.79,3.64,69.82433269995721,10.724522130820779
2021,Analog Devices,5.56,3.77,46.91,1.83,84.87597408719189,5.342405526778936
2022,Analog Devices,7.38,5.36,26.86,2.03,84.669272626164,8.767749567834086
2013,Automatic Data Processing,22.85,4.46,20.95,4.75,99.76307900589885,21.79028462753441
2014,Automatic Data Processing,23.58,4.71,22.03,5.0,99.82788811230675,22.724755675950732
2015,Automatic Data Processing,25.31,4.46,26.05,7.89,99.80903750752435,34.499865080847705
2016,Automatic Data Processing,32.13,3.89,28.09,9.37,69.06137796064291,23.531043409920947
2017,Automatic Data Processing,42.27,4.42,26.41,11.54,66.51169013613406,27.68337960330468
2018,Automatic Data Processing,43.27,4.96,36.65,12.55,70.28330587833726,30.345932950447445
2019,Automatic Data Processing,45.24,5.68,31.51,13.4,70.45706606124659,27.78799859083258
2020,Automatic Data Processing,44.23,6.09,25.98,11.15,74.1568688118812,31.44595709570957
2021,Automatic Data Processing,45.5,5.91,32.67,14.93,64.63051828886027,29.706717123935668
2022,Automatic Data Processing,66.3,5.27,29.88,27.27,50.040338846309,40.03320197350049
2013,American Tower,15.16,3.21,57.42,8.78,19.869251817545848,4.840018330425851
2014,American Tower,20.96,3.86,48.94,9.66,21.799588032505632,6.239640308276459
2015,American Tower,11.05,2.47,67.8,6.05,28.16745503807303,6.03436664326659
2016,American Tower,12.41,2.94,52.81,6.47,27.34724438154898,7.915420408707276
2017,American Tower,16.68,3.59,52.27,8.85,25.258201026885462,7.849607149727003
2018,American Tower,19.28,3.71,56.9,11.79,21.802324507104714,10.477281546222214
2019,American Tower,33.15,4.98,53.82,18.51,18.58267503333807,9.345829187227965
2020,American Tower,33.61,3.76,58.76,21.8,13.493659893844203,8.41714442682073
2021,American Tower,37.66,4.38,51.32,14.56,17.333603446232882,6.580561809348709
2022,American Tower,16.44,2.58,33.97,8.06,24.292904870327554,3.568219238156022
2013,General Electric,9.84,1.95,15.36,1.57,31.347945858485854,5.608496165816408
2014,General Electric,11.13,2.32,12.56,1.39,34.74206177923799,5.9661702052029435
2015,General Electric,5.19,1.07,0.0,2.28,33.98459904227627,5.030934272730667
2016,General Electric,7.71,1.6,26.14,2.77,36.332137749958974,1.1083761164638863
2017,General Electric,11.82,2.43,0.0,1.6,35.65977225642742,2.4200786962238428
2018,General Electric,43.65,6.62,0.0,0.96,23.020337194700588,1.5782316968962928
2019,General Electric,18.35,1.86,0.0,2.55,23.057693090672203,5.386588493953829
2020,General Electric,16.38,2.0,14.54,1.99,31.28228141030717,1.79588029811085
2021,General Electric,17.82,2.97,0.0,1.95,51.45322492117994,2.729024928838569
2022,General Electric,0.17,0.03,0.0,1.93,51.14120575454584,6.526600008437751
2013,Mondelez,12.06,5.29,15.69,1.92,67.75100485244809,10.269279630130995
2014,Mondelez,7.23,3.14,27.95,2.21,64.46856772521062,4.460235163410795
2015,Mondelez,25.98,11.21,9.94,2.58,64.95307660302345,5.256345060330082
2016,Mondelez,6.13,2.63,42.31,2.77,63.22242559486499,4.39284908356944
2017,Mondelez,11.03,4.54,21.86,2.46,64.84617871620782,4.198065109801289
2018,Mondelez,13.06,5.38,18.03,2.29,62.878732301371876,7.950015895140977
2019,Mondelez,14.82,6.18,20.63,2.91,63.37315856629161,7.2427792599466425
2020,Mondelez,12.93,5.37,23.39,3.03,58.01011096893289,6.525980155650185
2021,Mondelez,15.36,6.37,21.6,3.28,59.47835947835948,7.158907158907159
2022,Mondelez,9.84,3.93,33.46,3.39,56.60932834251587,7.79114270092947
2013,TJX Companies,54.14,21.69,19.44,9.68,76.84966325164287,30.04645619364438
2014,TJX Companies,52.16,20.91,20.91,10.7,72.42127752802692,35.61171789154039
2015,TJX Companies,53.15,20.26,21.62,11.29,72.72913018589784,34.912285737926105
2016,TJX Companies,52.13,18.86,21.65,10.89,66.94072600991362,38.61728651568668
2017,TJX Companies,54.0,19.36,19.88,9.94,69.77050842128659,26.670705198050666
2018,TJX Companies,60.01,21.56,20.38,12.23,69.32780206063252,40.69248018807426
2019,TJX Companies,59.51,17.01,22.03,11.99,61.98738203221396,29.6317987794711
2020,TJX Companies,1.54,0.33,1067.83,13.18,48.95126258048489,33.518893387314435
2021,TJX Companies,55.47,11.08,26.66,14.39,54.89788135709471,18.406230366635786
2022,TJX Companies,0.0,12.31,28.52,16.77,65.45304947032808,27.01840995577497
2013,Cigna,14.51,2.73,16.82,2.31,66.84988627748294,1.2130401819560273
2014,Cigna,19.67,3.81,13.16,2.52,67.7913917687716,10.587496072887213
2015,Cigna,18.34,3.71,18.2,3.11,69.9703712310463,14.07657003427642
2016,Cigna,14.49,3.21,18.85,2.52,73.17554240631164,19.004211311903617
2017,Cigna,16.31,3.69,23.2,3.71,71.59791122715404,18.87728459530026
2018,Cigna,9.63,2.51,17.75,1.14,49.13179891265298,3.882355758867626
2019,Cigna,11.82,3.41,15.23,1.7,54.48623963465929,10.137002764090855
2020,Cigna,17.68,5.6,9.01,1.51,59.98950919733438,11.034416985563226
2021,Cigna,11.01,3.56,14.59,1.65,57.89350799365914,7.418558069233322
2022,Cigna,14.5,4.52,15.04,2.18,59.069308234055164,11.394721253208715
2013,Estee Lauder,33.72,14.85,25.45,7.86,71.06667814558134,16.47152511730016
2014,Estee Lauder,33.58,16.04,23.88,7.41,74.23309352517987,19.664268585131893
2015,Estee Lauder,28.95,13.53,30.09,8.99,69.22071525988785,27.8451280497045
2016,Estee Lauder,30.8,12.78,30.24,9.39,61.53714187682279,21.684680048035684
2017,Estee Lauder,31.27,12.01,28.23,8.0,55.20441434662654,16.277903185352397
2018,Estee Lauder,24.32,9.18,47.42,11.15,57.063242064453604,23.418948388660045
2019,Estee Lauder,39.14,13.88,37.19,15.02,56.38501853508884,22.689505304870256
2020,Estee Lauder,16.34,4.42,99.31,17.17,39.23549217666864,16.409189938601703
2021,Estee Lauder,57.1,14.44,40.26,18.95,52.23842195540309,25.677530017152662
2022,Estee Lauder,40.92,11.15,38.88,16.31,50.80894382839484,18.169423741137976
2013,ServiceNow,23.12,8.95,0.0,19.24,48.731830317413234,3.266834767131415
2014,ServiceNow,43.6,13.84,0.0,23.01,49.15378617621428,9.925239645920286
2015,ServiceNow,39.87,12.28,0.0,23.78,54.43082950813375,21.944801889872668
2016,ServiceNow,86.87,21.57,0.0,32.17,43.24686791018921,3.885914816097992
2017,ServiceNow,20.05,4.19,0.0,28.96,39.89078875923327,24.8829513671895
2018,ServiceNow,2.83,0.72,0.0,28.5,62.67661641030847,31.712269658358295
2019,ServiceNow,38.71,12.66,85.04,24.74,73.99162702717739,31.224790675679433
2020,ServiceNow,4.8,1.61,887.79,37.5,62.340519137703474,29.78442586889573
2021,ServiceNow,7.05,2.36,554.79,34.8,70.10055018023145,33.99734395750332
2022,ServiceNow,7.45,2.7,239.44,15.43,76.08104021771999,32.854550952524946
2013,Regeneron Pharmaceuticals,25.88,16.45,63.57,13.81,79.46105468829504,17.59591313373903
2014,Regeneron Pharmaceuticals,15.02,9.96,118.57,16.19,84.78337477891994,13.944001914919083
2015,Regeneron Pharmaceuticals,20.5,13.47,88.13,15.31,90.9671060491418,16.249103978336187
2016,Regeneron Pharmaceuticals,22.1,14.23,45.15,8.94,90.28838368362418,19.7653724473955
2017,Regeneron Pharmaceuticals,22.63,15.23,33.92,6.62,89.72632747239909,15.107482913721595
2018,Regeneron Pharmaceuticals,32.81,23.85,16.5,4.6,92.51515983857676,19.142597561748612
2019,Regeneron Pharmaceuticals,21.32,15.94,19.38,3.7,93.95184519976956,16.94737198820699
2020,Regeneron Pharmaceuticals,31.77,21.98,14.75,4.71,80.35347277895197,14.601705415057213
2021,Regeneron Pharmaceuticals,54.21,37.91,8.4,3.57,87.42361007601728,30.413437173945447
2022,Regeneron Pharmaceuticals,20.94,15.88,18.84,3.4,89.35005952991082,13.39620112436626
2013,Marsh & McLennan Companies,18.61,8.16,19.58,3.33,75.26425066062666,8.91845979614949
2014,Marsh & McLennan Companies,19.39,8.43,21.36,4.37,67.92686410818017,16.703171126559376
2015,Marsh & McLennan Companies,23.28,8.88,18.48,4.46,59.99636495819702,14.222101054162122
2016,Marsh & McLennan Companies,27.47,9.71,19.9,5.62,56.61160754580739,15.867858109937721
2017,Marsh & McLennan Companies,21.76,7.73,27.63,5.54,57.560522855595956,12.367545827210149
2018,Marsh & McLennan Companies,21.96,7.86,24.46,5.32,56.56324582338902,15.789081145584728
2019,Marsh & McLennan Companies,22.44,6.58,32.29,7.1,39.24213230571612,9.584506694333284
2020,Marsh & McLennan Companies,23.44,6.26,29.4,6.39,44.274444178819024,14.506335166148698
2021,Marsh & McLennan Companies,30.69,9.32,28.08,7.85,49.86669036615713,13.819765375044438
2022,Marsh & McLennan Companies,27.76,8.99,27.21,7.71,48.912449945394975,13.628503822351657
2013,Zoetis,20.15,7.86,32.37,16.99,20.827018835245724,10.954752110846504
2014,Zoetis,50.72,8.87,37.09,16.13,26.912238325281802,8.856682769726248
2015,Zoetis,27.92,4.68,70.47,21.95,18.308441013592887,7.417351904681993
2016,Zoetis,63.4,10.55,32.48,17.72,25.121501592089828,9.837439249203955
2017,Zoetis,52.6,10.64,40.78,19.69,26.50244843448583,17.19839738833655
2018,Zoetis,71.92,14.75,29.0,18.91,25.298135926826443,17.459766122496237
2019,Zoetis,61.31,13.44,42.15,23.37,29.579464773347897,14.811578372474058
2020,Zoetis,50.55,13.02,48.11,20.86,34.38753189938024,15.439300036456435
2021,Zoetis,48.98,14.81,56.75,25.47,40.654916346067814,15.549789746801467
2022,Zoetis,47.26,14.67,33.38,15.64,35.77638742179248,10.782481514585196
2013,Target,18.52,6.33,13.22,2.4,48.406712272700695,8.901947026837396
2014,Target,12.02,4.25,18.27,2.22,56.35176891296045,16.331632121653993
2015,Target,10.82,3.82,0.0,3.37,52.380061372651745,10.380959509018787
2016,Target,24.95,8.26,13.54,3.53,50.38301512618113,17.684799937784344
2017,Target,22.87,7.04,13.55,3.4,46.21129018648215,16.63572694287402
2018,Target,25.78,7.5,14.03,3.53,50.54883075187644,19.232938522278623
2019,Target,25.6,7.2,13.13,3.42,50.04873294346979,11.26174020910863
2020,Target,28.37,7.81,17.28,4.78,50.715755186010625,17.799588547917025
2021,Target,33.25,9.29,21.03,6.36,53.2448377581121,29.196165191740413
2022,Target,50.95,13.22,15.53,8.39,48.31807737220778,19.241345538102234
2013,Schlumberger,18.07,10.47,17.7,3.01,76.44608174050572,12.25336085019384
2014,Schlumberger,14.0,8.12,20.38,2.91,76.31473384411728,13.83529222993301
2015,Schlumberger,5.6,3.07,43.06,2.46,67.29075302672514,11.074253157914464
2016,Schlumberger,4.36,2.31,0.0,2.77,67.91888134761632,5.8483931637909885
2017,Schlumberger,3.82,2.01,0.0,2.59,67.18535881716552,5.914172376487558
2018,Schlumberger,5.82,3.0,23.43,1.37,69.25861375519506,6.613295539425048
2019,Schlumberger,33.83,15.99,0.0,2.3,58.717410107500314,8.590139626838008
2020,Schlumberger,58.71,21.3,0.0,2.43,40.27963160704752,5.7628136679124395
2021,Schlumberger,13.89,4.48,22.52,2.74,49.68376436305838,11.49375807145932
2022,Schlumberger,21.05,8.13,21.28,4.05,57.775236850702385,6.942175759555701
2013,Duke Energy,6.47,2.33,18.35,1.18,50.705329153605014,1.0481974921630093
2014,Duke Energy,4.58,1.6,31.41,1.44,50.63825572325331,1.4882315797293448
2015,Duke Energy,6.98,2.33,17.67,1.25,50.57414260099951,0.0839278220730172
2016,Duke Energy,5.33,1.7,24.83,1.31,46.146667266348835,1.167131420347216
2017,Duke Energy,7.39,2.26,19.09,1.4,44.39350748808714,1.5188904016337645
2018,Duke Energy,6.23,1.88,23.01,1.39,44.563504569807755,2.239663288024969
2019,Duke Energy,8.25,2.44,17.99,1.45,45.203955617146036,2.746118385700953
2020,Duke Energy,2.73,0.79,52.92,1.43,45.10348748704687,0.9638045980173686
2021,Duke Energy,7.89,2.29,21.19,1.64,44.47730297205382,1.239442989971384
2022,Duke Energy,5.17,1.47,31.14,1.6,42.19608607072994,4.810837574370338
2013,Vertex Pharmaceuticals,34.87,17.53,0.0,12.32,73.47420764968122,6.070126591877969
2014,Vertex Pharmaceuticals,60.23,31.74,0.0,25.5,57.593047937288524,32.80110543681566
2015,Vertex Pharmaceuticals,50.81,23.02,0.0,27.76,57.42889850445303,21.56832885229373
2016,Vertex Pharmaceuticals,9.22,4.15,0.0,13.69,61.96672424092279,8.313846068357465
2017,Vertex Pharmaceuticals,15.59,8.18,142.91,18.63,77.09128381668498,28.141219457876122
2018,Vertex Pharmaceuticals,64.74,42.83,20.11,9.5,88.23195901924701,23.371761078231458
2019,Vertex Pharmaceuticals,22.37,16.16,47.91,9.24,91.18076304125672,22.384481451402646
2020,Vertex Pharmaceuticals,36.71,27.02,22.68,7.07,93.61986463766866,32.26387032805966
2021,Vertex Pharmaceuticals,24.93,18.6,24.13,5.6,94.48259088102678,22.53082377593594
2022,Vertex Pharmaceuticals,27.67,21.04,22.04,5.27,96.99654895945899,27.365705720361138
