,year,PE ratio,PB Ratio,FCF,Total Debt,Sh Equity,ROA,ROE,company name
0,2013,11.95,3.57,44590.00,16960.00,123549.00,19.34,30.64,Apple
1,2014,15.56,5.50,49900.00,35295.00,111547.00,18.01,33.61,Apple
2,2015,11.93,5.32,69778.00,64328.00,119355.00,20.45,46.25,Apple
3,2016,13.59,4.82,53200.00,87032.00,128249.00,14.93,36.90,Apple
4,2017,16.63,5.99,51774.00,115680.00,134047.00,13.87,36.87,Apple
5,2018,18.99,10.51,64121.00,114483.00,107147.00,16.07,49.36,Apple
6,2019,18.76,11.43,58896.00,108047.00,90488.00,15.69,55.92,Apple
7,2020,35.12,30.76,73365.00,112436.00,65339.00,17.33,73.69,Apple
8,2021,24.96,37.46,92953.00,124719.00,63090.00,28.06,147.44,Apple
9,2022,22.51,44.23,111443.00,120069.00,50672.00,28.36,175.46,Apple
10,2013,13.22,3.65,24576.00,15600.00,78944.00,16.58,30.09,Microsoft
11,2014,15.68,3.85,27017.00,22645.00,89784.00,14.02,26.17,Microsoft
12,2015,30.03,4.51,23724.00,35292.00,80083.00,7.03,14.36,Microsoft
13,2016,24.48,5.63,24982.00,53461.00,71997.00,11.16,27.01,Microsoft
14,2017,25.25,6.09,31378.00,86194.00,87711.00,11.49,31.92,Microsoft
15,2018,46.73,9.31,32252.00,87508.00,82718.00,6.51,19.45,Microsoft
16,2019,26.55,10.17,38260.00,86455.00,102330.00,14.39,42.41,Microsoft
17,2020,34.97,13.09,45234.00,82110.00,118304.00,15.06,40.14,Microsoft
18,2021,33.32,14.40,56118.00,82278.00,141988.00,19.30,47.08,Microsoft
19,2022,26.48,11.56,65149.00,78400.00,166542.00,20.82,47.15,Microsoft
20,2013,14.41,4.26,11301.00,2236.00,87309.00,12.44,16.01,Alphabet (Google)
21,2014,24.65,3.42,12065.00,3228.00,103860.00,11.77,14.79,Alphabet (Google)
22,2015,32.68,4.32,16657.00,1995.00,120331.00,11.44,14.12,Alphabet (Google)
23,2016,27.86,3.89,26064.00,3935.00,139036.00,12.37,15.02,Alphabet (Google)
24,2017,58.45,4.84,23907.00,3969.00,152502.00,6.94,8.69,Alphabet (Google)
25,2018,23.42,4.05,22832.00,4012.00,177628.00,14.29,18.62,Alphabet (Google)
26,2019,26.96,4.60,30972.00,5753.00,201442.00,13.50,18.12,Alphabet (Google)
27,2020,29.56,5.36,42843.00,16726.00,222544.00,13.52,19.00,Alphabet (Google)
28,2021,25.40,7.68,67012.00,17119.00,251635.00,22.40,32.07,Alphabet (Google)
29,2022,19.52,4.57,60010.00,14701.00,256144.00,16.55,23.62,Alphabet (Google)
30,2013,675.93,18.70,2031.00,3191.00,9746.00,0.75,3.05,Amazon
31,2014,0.00,13.35,1949.00,8265.00,10741.00,(0.51),(2.35),Amazon
32,2015,527.97,23.58,7450.00,8227.00,13384.00,1.00,4.94,Amazon
33,2016,150.72,18.52,10466.00,12891.00,19285.00,3.20,14.52,Amazon
34,2017,188.43,20.60,8307.00,30925.00,27709.00,2.83,12.91,Amazon
35,2018,72.70,16.80,19400.00,32997.00,43549.00,6.85,28.27,Amazon
36,2019,78.80,14.71,25825.00,37744.00,62060.00,5.97,21.95,Amazon
37,2020,76.46,17.44,31020.00,47931.00,93404.00,7.81,27.44,Amazon
38,2021,50.57,12.20,(9069.00),64667.00,138245.00,9.00,28.81,Amazon
39,2022,0.00,5.99,(11569.00),67150.00,146043.00,(0.62),(1.91),Amazon
40,2013,–,–,–,–,–,–,–,Berkshire Hathaway
41,2014,15.03,1.30,16617.00,72224.00,224485.00,4.27,9.36,Berkshire Hathaway
42,2015,18.63,1.52,16825.00,79890.00,243027.00,3.93,8.50,Berkshire Hathaway
43,2016,13.51,1.26,15409.00,84289.00,258627.00,4.47,9.60,Berkshire Hathaway
44,2017,16.77,1.42,19693.00,190938.00,285428.00,4.10,8.85,Berkshire Hathaway
45,2018,10.82,1.38,34020.00,102587.00,348296.00,6.79,14.18,Berkshire Hathaway
46,2019,126.04,1.43,22863.00,105583.00,348703.00,0.57,1.15,Berkshire Hathaway
47,2020,6.81,1.30,22708.00,114531.00,424791.00,10.67,21.05,Berkshire Hathaway
48,2021,12.57,1.23,26761.00,128220.00,443164.00,5.03,9.80,Berkshire Hathaway
49,2022,7.51,1.32,26145.00,125102.00,506199.00,9.80,18.92,Berkshire Hathaway
50,2013,0.00,26.93,0.58,598.97,667.12,(4.19),(18.69),Tesla
51,2014,0.00,30.39,(1027.22),2488.08,911.71,(7.13),(37.25),Tesla
52,2015,0.00,28.39,(2159.35),2696.30,1083.70,(12.79),(89.07),Tesla
53,2016,0.00,5.65,(1404.63),7029.27,5538.09,(4.39),(20.38),Tesla
54,2017,0.00,10.17,(3476.00),10314.94,5234.59,(7.65),(36.43),Tesla
55,2018,0.00,9.86,(3.00),13827.00,4923.00,(3.34),(19.22),Tesla
56,2019,0.00,9.94,1073.00,14697.00,6618.00,(2.69),(14.94),Tesla
57,2020,966.79,28.52,2776.00,13347.00,22225.00,1.60,4.78,Tesla
58,2021,190.42,33.61,3787.00,8873.00,30189.00,9.67,21.08,Tesla
59,2022,26.87,7.44,8493.00,5748.00,44704.00,17.42,33.60,Tesla
60,2013,20.96,2.07,605.00,1373.88,4456.40,6.44,9.48,NVIDIA
61,2014,17.23,2.45,805.00,1398.00,4418.00,8.73,14.22,NVIDIA
62,2015,26.18,3.56,1096.00,1510.00,4469.00,8.43,13.82,NVIDIA
63,2016,36.16,10.25,1503.00,2810.00,5762.00,19.36,32.57,NVIDIA
64,2017,48.48,19.71,2911.00,2000.00,7471.00,28.91,46.05,NVIDIA
65,2018,21.11,9.36,3143.00,1988.00,9342.00,33.76,49.26,NVIDIA
66,2019,51.62,11.81,4272.00,2082.00,12204.00,18.27,25.95,NVIDIA
67,2020,75.53,19.33,4694.00,7084.00,16893.00,18.79,29.78,NVIDIA
68,2021,63.27,23.04,8132.00,10946.00,26612.00,26.73,44.83,NVIDIA
69,2022,83.14,22.55,3808.00,9703.00,22101.00,10.23,0.00,NVIDIA
70,2013,23.62,4.18,2551.00,–,26870.00,13.11,18.28,Visa
71,2014,24.72,4.41,6652.00,–,27413.00,14.59,20.04,Visa
72,2015,27.05,5.18,6180.00,–,29842.00,16.24,22.10,Visa
73,2016,33.48,6.60,5051.00,15882.00,32912.00,11.59,21.01,Visa
74,2017,37.39,8.15,8622.00,18367.00,32760.00,10.15,24.62,Visa
75,2018,34.04,10.83,12223.00,16630.00,34006.00,15.02,36.94,Visa
76,2019,32.33,11.77,12028.00,16729.00,34684.00,17.04,41.83,Visa
77,2020,40.89,12.55,9704.00,24070.00,36210.00,14.16,36.01,Visa
78,2021,39.56,12.56,14522.00,20977.00,37589.00,15.03,37.51,Visa
79,2022,25.38,10.18,17879.00,22450.00,35581.00,17.76,44.14,Visa
80,2013,13.69,2.36,5684.00,14891.00,32149.00,6.91,17.76,UnitedHealth
81,2014,17.74,3.03,6526.00,16007.00,32454.00,6.68,17.40,UnitedHealth
82,2015,19.57,3.32,8184.00,25331.00,33725.00,5.88,17.57,UnitedHealth
83,2016,21.61,4.03,8090.00,25777.00,38177.00,6.00,19.52,UnitedHealth
84,2017,20.65,4.28,11573.00,28835.00,49833.00,8.06,23.99,UnitedHealth
85,2018,20.44,4.42,13650.00,38457.00,51696.00,8.17,23.61,UnitedHealth
86,2019,20.52,4.63,16392.00,39963.00,57616.00,8.36,25.32,UnitedHealth
87,2020,21.88,4.87,20123.00,43095.00,65491.00,8.16,25.02,UnitedHealth
88,2021,27.77,6.31,19889.00,45786.00,71760.00,8.30,25.19,UnitedHealth
89,2022,24.48,5.95,23404.00,54513.00,81450.00,8.72,26.26,UnitedHealth
90,2013,13.73,2.48,11245.00,6891.00,180495.00,9.57,18.50,Exxon Mobil
91,2014,12.16,2.19,12164.00,11653.00,181064.00,9.34,17.99,Exxon Mobil
92,2015,20.25,1.85,3854.00,19925.00,176810.00,4.71,9.03,Exxon Mobil
93,2016,48.35,2.18,5919.00,42762.00,173830.00,2.35,4.47,Exxon Mobil
94,2017,18.37,1.86,14664.00,42336.00,194500.00,5.81,10.70,Exxon Mobil
95,2018,13.97,1.47,16440.00,37796.00,198528.00,6.00,10.60,Exxon Mobil
96,2019,20.77,1.50,5355.00,48146.00,198938.00,4.05,7.22,Exxon Mobil
97,2020,0.00,1.07,(1615.00),68812.00,164130.00,(6.45),(12.36),Exxon Mobil
98,2021,11.35,1.49,39229.00,49075.00,175683.00,6.86,13.56,Exxon Mobil
99,2022,8.03,2.17,63637.00,41193.00,202473.00,15.75,29.48,Exxon Mobil
100,2013,89.59,8.55,2860.00,237.00,15470.00,9.04,10.95,Meta Platforms(Facebook)
101,2014,69.66,5.65,5495.00,119.00,36096.00,10.11,11.34,Meta Platforms(Facebook)
102,2015,79.89,6.63,7797.00,107.00,44218.00,8.21,9.14,Meta Platforms(Facebook)
103,2016,35.20,5.65,11617.00,–,59194.00,17.82,19.70,Meta Platforms(Facebook)
104,2017,33.05,7.08,17483.00,72.00,74347.00,21.30,23.84,Meta Platforms(Facebook)
105,2018,17.11,4.50,15359.00,500.00,84127.00,24.32,27.90,Meta Platforms(Facebook)
106,2019,31.67,5.80,21212.00,11074.00,101054.00,16.02,19.96,Meta Platforms(Facebook)
107,2020,26.70,6.07,23632.00,11177.00,128290.00,19.92,25.42,Meta Platforms(Facebook)
108,2021,24.03,7.58,39116.00,14454.00,124879.00,24.21,31.10,Meta Platforms(Facebook)
109,2022,–,–,19289.00,9923.00,125713.00,13.19,18.52,Meta Platforms(Facebook)
110,2013,13.41,1.11,107953.00,295883.00,211178.00,0.69,8.38,JPMorgan Chase
111,2014,11.74,1.11,36593.00,306601.00,231727.00,0.81,9.75,JPMorgan Chase
112,2015,10.90,1.12,73466.00,309756.00,247573.00,0.92,10.46,JPMorgan Chase
113,2016,13.96,1.40,21884.00,495354.00,254190.00,0.94,10.16,JPMorgan Chase
114,2017,17.03,1.67,(10827.00),494798.00,255693.00,0.90,9.86,JPMorgan Chase
115,2018,10.81,1.44,15614.00,533627.00,256515.00,1.19,13.35,JPMorgan Chase
116,2019,12.97,1.92,4092.00,555980.00,261330.00,1.30,14.91,JPMorgan Chase
117,2020,14.26,1.57,(79910.00),542102.00,279354.00,0.90,11.34,JPMorgan Chase
118,2021,10.30,1.85,78084.00,573287.00,294127.00,1.30,18.29,JPMorgan Chase
119,2022,11.15,1.51,107119.00,542505.00,292332.00,0.97,13.69,JPMorgan Chase
120,2013,19.00,3.47,14277.00,13328.00,74053.00,10.89,19.92,Johnson & Johnson
121,2014,18.35,4.22,19627.00,15122.00,69752.00,12.41,22.70,Johnson & Johnson
122,2015,18.71,3.98,19570.00,12857.00,71150.00,11.68,0.00,Johnson & Johnson
123,2016,19.70,4.36,16808.00,27126.00,70418.00,12.05,23.60,Johnson & Johnson
124,2017,357.00,6.23,19609.00,34581.00,60160.00,0.87,1.99,Johnson & Johnson
125,2018,23.00,5.79,21734.00,30480.00,59752.00,9.86,25.51,Johnson & Johnson
126,2019,21.51,6.49,23183.00,27965.00,59471.00,9.73,25.36,Johnson & Johnson
127,2020,28.56,6.55,20494.00,35266.00,63278.00,8.85,23.97,Johnson & Johnson
128,2021,21.90,6.08,20469.00,33751.00,74023.00,11.70,30.41,Johnson & Johnson
129,2022,26.44,6.06,17728.00,26888.00,76804.00,9.71,23.79,Johnson & Johnson
130,2013,15.21,3.00,10869.00,56332.00,81339.00,7.86,19.65,Walmart
131,2014,16.91,3.22,16960.00,49878.00,85937.00,8.02,19.56,Walmart
132,2015,14.74,2.59,16710.00,49483.00,83611.00,7.29,17.33,Walmart
133,2016,15.17,2.57,21510.00,45373.00,80535.00,6.85,16.62,Walmart
134,2017,32.40,3.95,18664.00,45820.00,80822.00,4.89,12.22,Walmart
135,2018,42.03,3.52,17928.00,57304.00,79634.00,3.15,8.31,Walmart
136,2019,21.89,4.00,14871.00,53958.00,81552.00,6.53,18.46,Walmart
137,2020,29.20,4.50,26025.00,48380.00,87531.00,5.53,15.98,Walmart
138,2021,28.53,4.25,11469.00,42320.00,91891.00,5.50,15.24,Walmart
139,2022,44.13,4.63,12414.00,52040.00,83754.00,4.78,13.30,Walmart
140,2013,32.50,13.50,3836.00,–,7495.00,23.34,43.21,Mastercard
141,2014,27.70,14.71,3073.00,1494.00,6824.00,24.46,50.52,Mastercard
142,2015,29.06,18.21,3759.00,3268.00,6062.00,24.12,59.10,Mastercard
143,2016,28.56,20.36,4255.00,5180.00,5684.00,23.24,69.11,Mastercard
144,2017,41.62,29.49,5241.00,5424.00,5497.00,19.57,70.03,Mastercard
145,2018,33.57,36.25,5719.00,6334.00,5418.00,25.37,107.36,Mastercard
146,2019,37.42,51.32,7455.00,8633.00,5917.00,30.01,143.24,Mastercard
147,2020,55.86,55.13,6516.00,12672.00,6488.00,20.41,103.36,Mastercard
148,2021,40.83,48.08,8649.00,13901.00,7383.00,24.38,125.25,Mastercard
149,2022,33.83,52.82,10098.00,14023.00,6356.00,26.00,144.55,Mastercard
150,2013,19.31,3.28,11449.00,31543.00,68709.00,8.15,16.97,Procter & Gamble
151,2014,18.98,3.10,10687.00,35417.00,69976.00,8.03,16.70,Procter & Gamble
152,2015,31.30,3.87,15370.00,30345.00,63050.00,4.95,10.36,Procter & Gamble
153,2016,22.28,4.01,12553.00,30598.00,57983.00,7.99,17.24,Procter & Gamble
154,2017,15.03,4.13,9940.00,31592.00,55778.00,12.18,26.99,Procter & Gamble
155,2018,20.83,3.81,11419.00,31286.00,52293.00,7.95,17.88,Procter & Gamble
156,2019,75.68,5.93,12289.00,30092.00,47194.00,3.11,7.45,Procter & Gamble
157,2020,23.31,6.47,14360.00,35611.00,46521.00,10.83,27.78,Procter & Gamble
158,2021,23.76,7.27,15626.00,32838.00,46378.00,11.70,30.80,Procter & Gamble
159,2022,24.17,7.53,13677.00,32293.00,46589.00,12.23,31.69,Procter & Gamble
160,2013,11.17,1.59,(2983.00),20431.00,150427.00,8.80,14.86,Chevron
161,2014,10.99,1.35,(3932.00),27818.00,156191.00,7.40,12.55,Chevron
162,2015,36.57,1.09,(10048.00),38549.00,153886.00,1.73,2.96,Chevron
163,2016,0.00,1.50,(5419.00),46126.00,146722.00,(0.19),(0.33),Chevron
164,2017,26.14,1.61,6934.00,38763.00,149319.00,3.58,6.21,Chevron
165,2018,13.93,1.33,16826.00,34459.00,155642.00,5.84,9.72,Chevron
166,2019,77.75,1.56,13198.00,26973.00,145208.00,1.19,1.94,Chevron
167,2020,0.00,1.19,1655.00,44315.00,132726.00,(2.32),(3.99),Chevron
168,2021,14.40,1.61,21131.00,31369.00,139940.00,6.52,11.46,Chevron
169,2022,9.48,2.08,37600.00,–,–,29.61,0.00,Chevron
170,2013,11.83,3.12,4878.20,4200.30,17640.70,13.45,28.91,Eli Lilly
171,2014,30.94,4.80,3002.80,5332.80,15388.10,6.68,14.48,Eli Lilly
172,2015,37.28,6.13,2401.00,7972.40,14590.30,6.70,16.07,Eli Lilly
173,2016,28.91,5.61,3887.40,10304.80,14080.50,7.36,19.10,Eli Lilly
174,2017,0.00,7.64,4538.80,13647.50,11667.90,(0.49),(1.59),Eli Lilly
175,2018,36.97,10.90,4313.90,10298.00,9829.00,7.09,29.32,Eli Lilly
176,2019,14.97,45.34,3802.70,15926.00,2607.00,11.15,74.59,Eli Lilly
177,2020,24.83,26.31,5111.70,16596.00,5642.00,14.42,150.18,Eli Lilly
178,2021,44.99,27.40,5950.90,16884.00,8979.00,11.70,76.36,Eli Lilly
179,2022,52.90,32.35,5230.10,14737.50,10775.40,12.71,63.23,Eli Lilly
180,2013,20.33,8.75,6327.00,14724.00,12522.00,13.20,35.55,Home Depot
181,2014,21.99,14.99,6848.00,17197.00,9322.00,15.77,58.09,Home Depot
182,2015,23.04,25.58,7913.00,21216.00,6316.00,17.11,89.64,Home Depot
183,2016,21.20,39.02,8200.00,23601.00,4333.00,18.74,149.44,Home Depot
184,2017,27.45,162.76,10181.00,27028.00,1454.00,19.73,298.25,Home Depot
185,2018,18.77,0.00,10723.00,29202.00,(1878.00),25.12,"(5,245.75)",Home Depot
186,2019,22.17,0.00,11009.00,31483.00,(3116.00),23.61,(450.22),Home Depot
187,2020,22.52,87.92,16376.00,37238.00,3299.00,21.12,"14,061.20",Home Depot
188,2021,23.55,0.00,14005.00,40086.00,(1696.00),23.07,"2,050.28",Home Depot
189,2022,18.51,253.49,11496.00,43193.00,1562.00,23.06,0.00,Home Depot
190,2013,32.71,2.70,10106.00,20539.00,52326.00,4.16,8.17,Merck
191,2014,13.22,3.21,5672.00,18699.00,48791.00,11.70,23.58,Merck
192,2015,32.31,3.17,11255.00,23829.00,44767.00,4.45,9.50,Merck
193,2016,28.28,3.94,8762.00,24842.00,40308.00,3.98,9.22,Merck
194,2017,57.69,4.24,4563.00,24410.00,34569.00,2.61,6.39,Merck
195,2018,31.43,7.23,8307.00,25114.00,26882.00,7.30,20.24,Merck
196,2019,22.78,8.56,5515.00,26582.00,26001.00,11.79,37.23,Merck
197,2020,28.18,7.77,3188.00,32082.00,25404.00,8.03,27.50,Merck
198,2021,14.88,5.06,8674.00,33406.00,38257.00,13.23,41.00,Merck
199,2022,19.46,6.33,–,–,–,27.47,0.00,Merck
200,2013,14.83,0.76,92817.00,249674.00,232685.00,0.47,4.61,Bank of America
201,2014,45.87,0.84,30795.00,243139.00,243471.00,0.21,2.02,Bank of America
202,2015,11.69,0.75,28397.00,236764.00,256176.00,0.68,6.30,Bank of America
203,2016,15.54,0.96,17277.00,411058.00,266195.00,0.75,6.80,Bank of America
204,2017,18.46,1.25,9864.00,436933.00,267146.00,0.74,6.84,Bank of America
205,2018,9.30,1.02,39520.00,436569.00,265325.00,1.15,10.94,Bank of America
206,2019,12.67,1.37,61777.00,440262.00,264810.00,1.08,10.73,Bank of America
207,2020,16.04,1.07,37993.00,463052.00,272924.00,0.62,6.73,Bank of America
208,2021,12.39,1.54,(7193.00),507057.00,270066.00,1.02,12.38,Bank of America
209,2022,10.47,1.11,(6327.00),498549.00,273197.00,0.83,10.61,Bank of America
210,2013,20.63,18.68,5776.00,14723.00,4492.00,14.69,105.11,AbbVie
211,2014,60.04,59.92,2937.00,14977.00,1742.00,6.26,56.91,AbbVie
212,2015,18.99,24.40,7003.00,31671.00,3945.00,12.77,180.90,AbbVie
213,2016,17.19,21.84,6562.00,36842.00,4636.00,9.99,138.75,AbbVie
214,2017,29.91,30.81,9431.00,37368.00,5097.00,7.76,109.09,AbbVie
215,2018,25.75,0.00,12789.00,40310.00,(8446.00),8.74,(339.62),AbbVie
216,2019,16.77,0.00,12772.00,66728.00,(8172.00),10.62,(94.86),AbbVie
217,2020,37.47,13.64,16790.00,86056.00,13097.00,3.85,187.45,AbbVie
218,2021,20.99,15.53,21990.00,76684.00,15436.00,7.77,80.90,AbbVie
219,2022,24.57,17.94,24248.00,63271.00,17287.00,8.30,72.34,AbbVie
220,2013,21.40,5.48,8103.00,20178.00,33440.00,9.74,25.77,Coca-Cola
221,2014,26.39,6.06,8432.00,22615.00,30561.00,7.80,22.18,Coca-Cola
222,2015,25.72,7.26,8060.00,30987.00,25764.00,8.08,26.10,Coca-Cola
223,2016,27.87,7.77,6680.00,33211.00,23220.00,7.36,26.65,Coca-Cola
224,2017,162.64,10.25,5399.00,34480.00,18977.00,1.42,5.92,Coca-Cola
225,2018,31.57,10.58,6327.00,30379.00,19058.00,7.52,33.83,Coca-Cola
226,2019,26.48,11.22,9395.00,31769.00,21098.00,10.52,44.43,Coca-Cola
227,2020,30.47,11.07,8856.00,40610.00,21284.00,8.92,36.56,Coca-Cola
228,2021,26.20,10.28,11366.00,39454.00,24860.00,10.76,42.35,Coca-Cola
229,2022,28.61,10.54,9609.00,36776.00,25826.00,10.20,37.65,Coca-Cola
230,2013,19.11,5.21,7002.00,24333.00,24389.00,8.86,28.66,Pepsico
231,2014,21.99,8.07,7762.00,23821.00,17548.00,8.79,30.81,Pepsico
232,2015,27.15,12.06,8192.00,29213.00,12030.00,7.78,36.51,Pepsico
233,2016,23.95,13.27,7722.00,36945.00,11199.00,8.84,53.81,Pepsico
234,2017,34.93,15.11,7241.00,39281.00,10981.00,6.34,43.20,Pepsico
235,2018,12.54,10.71,6267.00,32321.00,14518.00,15.89,97.55,Pepsico
236,2019,26.33,12.86,5587.00,33628.00,14786.00,9.37,49.92,Pepsico
237,2020,25.53,15.16,6428.00,45843.00,13454.00,8.30,50.42,Pepsico
238,2021,29.64,14.97,7157.00,42378.00,16043.00,8.22,51.65,Pepsico
239,2022,33.79,14.41,5855.00,41487.00,17149.00,9.66,53.69,Pepsico
240,2013,20.37,3.89,486.00,–,2886.00,17.59,20.81,Broadcom
241,2014,82.14,6.68,766.00,5509.00,3243.00,3.78,8.58,Broadcom
242,2015,23.95,6.93,1835.00,3872.00,4714.00,12.99,34.28,Broadcom
243,2016,0.00,2.85,2693.00,13642.00,21876.00,(5.75),(13.08),Broadcom
244,2017,59.57,4.61,5923.00,17548.00,23186.00,3.24,7.51,Broadcom
245,2018,7.57,3.50,8484.00,17493.00,26657.00,23.45,49.19,Broadcom
246,2019,43.26,4.67,9353.00,32798.00,24941.00,4.58,10.45,Broadcom
247,2020,53.14,5.91,11598.00,41062.00,23874.00,3.71,10.91,Broadcom
248,2021,33.66,8.67,13321.00,39730.00,24962.00,8.50,26.36,Broadcom
249,2022,17.13,8.47,16312.00,39515.00,22709.00,15.08,47.09,Broadcom
250,2013,14.69,3.57,13574.00,18494.00,45145.00,13.64,24.49,Oracle
251,2014,17.34,4.01,14341.00,22589.00,47447.00,12.73,23.66,Oracle
252,2015,19.38,3.93,13189.00,39959.00,49098.00,9.88,20.59,Oracle
253,2016,19.05,3.55,12496.00,43855.00,47790.00,7.98,18.37,Oracle
254,2017,20.00,3.44,12105.00,57909.00,54246.00,7.65,18.53,Oracle
255,2018,50.24,4.11,13650.00,60619.00,46873.00,2.63,7.09,Oracle
256,2019,16.38,8.22,12891.00,56167.00,22363.00,8.99,32.02,Oracle
257,2020,16.74,13.40,11575.00,72172.00,12717.00,9.04,57.78,Oracle
258,2021,16.93,39.37,13752.00,84909.00,5952.00,11.15,147.26,Oracle
259,2022,28.77,0.00,5028.00,76586.00,(5768.00),5.59,"7,301.09",Oracle
260,2013,9.17,2.59,16219.00,30462.00,76620.00,12.30,27.81,Pfizer
261,2014,20.52,2.62,15501.00,31541.00,71622.00,5.38,12.33,Pfizer
262,2015,24.31,2.91,13192.00,28740.00,64998.00,4.16,10.19,Pfizer
263,2016,26.76,3.19,14193.00,42086.00,59840.00,4.26,11.56,Pfizer
264,2017,9.68,2.88,14585.00,43491.00,71656.00,12.41,32.42,Pfizer
265,2018,22.03,3.81,13691.00,41740.00,63758.00,6.73,16.48,Pfizer
266,2019,12.77,3.26,10124.00,52419.00,63447.00,9.95,25.59,Pfizer
267,2020,21.40,3.22,11638.00,40156.00,63473.00,5.69,14.43,Pfizer
268,2021,15.14,4.27,29869.00,38885.00,77462.00,13.19,31.43,Pfizer
269,2022,9.20,3.10,–,–,–,34.57,0.00,Pfizer
270,2013,23.93,4.43,1354.00,4998.00,11012.00,7.10,17.33,Costco
271,2014,25.92,4.26,1991.00,5093.00,12515.00,6.50,17.49,Costco
272,2015,25.89,5.68,1892.00,6135.00,10843.00,7.20,20.35,Costco
273,2016,30.24,5.76,643.00,5161.00,12332.00,7.10,20.28,Costco
274,2017,25.70,6.20,4224.00,6666.00,11079.00,7.71,22.89,Costco
275,2018,32.61,7.80,2805.00,6577.00,13103.00,8.12,25.92,Costco
276,2019,35.10,8.24,3358.00,6823.00,15584.00,8.49,25.51,Costco
277,2020,38.42,8.22,6051.00,7609.00,18705.00,7.93,23.34,Costco
278,2021,39.89,11.16,5370.00,7491.00,18078.00,8.72,27.22,Costco
279,2022,39.46,11.22,3501.00,6557.00,20647.00,9.47,30.18,Costco
280,2013,31.45,2.38,1749.00,9499.60,16856.10,4.29,7.88,Thermo Fisher Scientific
281,2014,26.32,2.43,2241.30,12351.60,20548.10,5.07,10.13,Thermo Fisher Scientific
282,2015,28.66,2.65,2537.00,11420.20,21350.20,4.72,9.43,Thermo Fisher Scientific
283,2016,28.01,2.63,2840.00,16628.00,21540.00,4.66,9.43,Thermo Fisher Scientific
284,2017,34.16,3.00,3504.00,21008.00,25413.00,4.34,9.48,Thermo Fisher Scientific
285,2018,30.66,3.26,3835.00,18990.00,27586.00,5.20,11.09,Thermo Fisher Scientific
286,2019,35.16,4.38,4083.00,17919.00,29675.00,6.45,12.91,Thermo Fisher Scientific
287,2020,28.95,5.34,6823.00,21919.00,34517.00,10.01,19.86,Thermo Fisher Scientific
288,2021,34.03,6.43,6809.00,35136.00,40855.00,9.41,20.50,Thermo Fisher Scientific
289,2022,31.15,4.91,6935.00,34488.00,44032.00,7.22,16.37,Thermo Fisher Scientific
290,2013,13.68,2.31,11875.00,12928.00,59128.00,10.35,18.08,Cisco
291,2014,16.82,2.33,11289.00,20337.00,56661.00,7.61,13.56,Cisco
292,2015,16.06,2.43,11347.00,21457.00,59707.00,8.22,15.44,Cisco
293,2016,14.43,2.44,12465.00,28643.00,63585.00,9.14,17.42,Cisco
294,2017,16.38,2.38,12919.00,33717.00,66137.00,7.64,14.81,Cisco
295,2018,604.14,4.73,12891.00,25569.00,43204.00,0.09,0.20,Cisco
296,2019,21.06,7.29,14944.00,24666.00,33571.00,11.25,30.27,Cisco
297,2020,17.77,5.26,14835.00,14924.00,37920.00,11.64,31.37,Cisco
298,2021,22.18,5.67,14790.00,11863.00,41275.00,11.01,26.75,Cisco
299,2022,16.00,4.75,12840.00,9837.00,39773.00,12.34,29.15,Cisco
300,2013,17.45,6.05,4296.00,14129.80,16009.70,15.51,35.69,McDonald
301,2014,19.40,7.15,4233.70,14935.70,12853.40,13.43,32.97,McDonald
302,2015,24.56,15.66,4938.30,24122.10,7087.90,12.55,45.43,McDonald
303,2016,22.07,0.00,4321.40,25955.70,(2204.30),13.59,191.93,McDonald
304,2017,27.24,0.00,3864.30,29536.40,(3268.00),16.02,(189.77),McDonald
305,2018,23.55,0.00,4385.40,31075.30,(6258.40),17.79,(124.37),McDonald
306,2019,25.08,0.00,5879.60,34177.20,(8210.30),15.00,(83.28),McDonald
307,2020,34.01,0.00,4651.80,37440.40,(7824.90),9.45,(59.01),McDonald
308,2021,26.70,0.00,7207.70,36328.70,(4601.00),14.17,(121.44),McDonald
309,2022,31.66,0.00,5487.50,35903.50,(6003.40),11.85,(116.50),McDonald
310,2013,18.86,2.39,6656.00,14288.00,48150.00,7.86,13.62,Walt Disney
311,2014,20.66,3.17,6469.00,14795.00,48178.00,9.07,15.57,Walt Disney
312,2015,20.69,3.56,7120.00,17336.00,48655.00,9.73,17.31,Walt Disney
313,2016,16.15,3.20,8363.00,20170.00,47323.00,10.42,19.57,Walt Disney
314,2017,17.46,3.48,8720.00,25291.00,45004.00,9.56,19.45,Walt Disney
315,2018,13.84,3.30,9830.00,20874.00,52832.00,12.96,25.75,Walt Disney
316,2019,18.64,2.30,1108.00,46986.00,93889.00,7.56,15.07,Walt Disney
317,2020,0.00,2.54,3594.00,58628.00,88263.00,(1.45),(3.14),Walt Disney
318,2021,153.79,3.30,1988.00,54406.00,93011.00,0.98,2.20,Walt Disney
319,2022,54.53,1.74,1059.00,48369.00,98879.00,1.54,3.28,Walt Disney
320,2013,22.22,4.99,2448.00,1267.00,11081.00,14.98,23.04,Nike
321,2014,25.07,6.26,2136.00,1206.00,10824.00,14.90,24.59,Nike
322,2015,26.78,6.90,3720.00,1186.00,12707.00,16.29,27.82,Nike
323,2016,24.99,7.65,2266.00,2037.00,12258.00,17.50,30.12,Nike
324,2017,20.70,7.08,2754.00,3477.00,12407.00,19.00,34.38,Nike
325,2018,60.34,11.88,3927.00,3474.00,9812.00,8.44,17.40,Nike
326,2019,30.13,13.48,4784.00,3470.00,9040.00,17.42,42.74,Nike
327,2020,61.83,19.26,1399.00,9409.00,8055.00,9.22,29.70,Nike
328,2021,36.85,16.57,5962.00,9882.00,12767.00,16.58,55.01,Nike
329,2022,31.19,12.28,4430.00,9420.00,15281.00,15.49,43.11,Nike
330,2013,15.09,1.82,3047.20,3436.70,22451.40,7.97,12.98,Danaher
331,2014,17.56,1.95,3293.00,3401.50,23449.80,7.25,11.32,Danaher
332,2015,14.58,2.07,3349.30,12025.20,23764.00,7.88,14.22,Danaher
333,2016,21.29,2.36,2942.00,12269.20,23076.80,5.46,10.90,Danaher
334,2017,25.82,2.44,2939.60,10522.40,26367.80,5.42,10.08,Danaher
335,2018,27.28,2.56,3444.00,9741.00,28214.00,5.61,9.71,Danaher
336,2019,37.43,3.83,3329.00,22526.00,30271.00,5.35,10.34,Danaher
337,2020,44.70,4.30,5419.00,22178.00,39766.00,5.08,10.77,Danaher
338,2021,37.52,5.61,7077.00,23272.00,45167.00,7.87,15.99,Danaher
339,2022,26.79,3.95,7376.00,19677.00,50082.00,8.48,15.73,Danaher
340,2013,11.49,1.55,58048.00,152998.00,171008.00,1.42,13.89,Wells Fargo
341,2014,13.15,1.73,17529.00,183943.00,185262.00,1.36,13.60,Wells Fargo
342,2015,12.91,1.63,15904.00,199536.00,193891.00,1.24,12.71,Wells Fargo
343,2016,13.90,1.61,1008.00,381403.00,200497.00,1.10,11.72,Wells Fargo
344,2017,14.86,1.66,18619.00,368102.00,208079.00,1.06,11.46,Wells Fargo
345,2018,10.31,1.27,36073.00,381378.00,197066.00,1.08,11.60,Wells Fargo
346,2019,13.25,1.42,6730.00,373355.00,187984.00,0.95,10.64,Wells Fargo
347,2020,73.61,0.76,2051.00,271949.00,185712.00,0.09,1.08,Wells Fargo
348,2021,9.58,1.15,(11525.00),211817.00,190110.00,1.04,12.11,Wells Fargo
349,2022,13.14,0.98,27048.00,226015.00,181875.00,0.63,7.26,Wells Fargo
350,2013,0.00,1.59,(861.00),22441.00,14245.00,0.08,0.34,T-Mobile US
351,2014,86.90,1.39,(3071.00),24394.00,15663.00,0.46,1.65,T-Mobile US
352,2015,46.57,1.92,(1245.00),28719.00,16557.00,1.14,4.21,T-Mobile US
353,2016,33.91,2.63,(5891.00),30407.00,18236.00,2.19,8.08,T-Mobile US
354,2017,11.90,2.36,(7234.00),30909.00,22559.00,6.57,21.97,T-Mobile US
355,2018,18.76,2.19,(1769.00),30104.00,24718.00,4.04,12.22,T-Mobile US
356,2019,19.32,2.33,(534.00),31795.00,28789.00,4.35,12.96,T-Mobile US
357,2020,47.99,2.36,(3727.00),80528.00,65344.00,2.13,6.51,T-Mobile US
358,2021,47.93,2.09,(7775.00),82999.00,69102.00,1.49,4.50,T-Mobile US
359,2022,67.17,2.49,(520.00),72100.00,69656.00,1.24,3.73,T-Mobile US
360,2013,23.66,2.36,2179.00,3397.00,25267.00,4.68,9.89,Abbott Laboratories
361,2014,30.21,3.15,2598.00,3448.00,21639.00,5.43,9.74,Abbott Laboratories
362,2015,15.38,3.15,1856.00,5874.00,21326.00,10.73,20.59,Abbott Laboratories
363,2016,41.99,2.78,2082.00,20684.00,20717.00,2.98,6.66,Abbott Laboratories
364,2017,226.12,3.29,4435.00,27718.00,31098.00,0.74,1.84,Abbott Laboratories
365,2018,54.38,4.14,4906.00,19366.00,30722.00,3.30,7.66,Abbott Laboratories
366,2019,42.17,4.91,4498.00,17938.00,31301.00,5.46,11.89,Abbott Laboratories
367,2020,43.80,5.88,5724.00,18534.00,33003.00,6.40,13.98,Abbott Laboratories
368,2021,35.72,6.93,8648.00,18050.00,36024.00,9.57,20.49,Abbott Laboratories
369,2022,28.03,5.35,7804.00,16773.00,36905.00,9.27,19.01,Abbott Laboratories
370,2013,21.78,0.91,33693.00,153575.00,69030.00,0.33,4.09,Morgan Stanley
371,2014,12.72,1.13,94.00,152772.00,72104.00,0.39,4.78,Morgan Stanley
372,2015,10.75,0.88,(5836.00),153768.00,76184.00,0.71,8.42,Morgan Stanley
373,2016,14.40,1.14,4107.00,264685.00,77177.00,0.69,7.96,Morgan Stanley
374,2017,16.57,1.33,(6134.00),290021.00,78466.00,0.67,8.01,Morgan Stanley
375,2018,8.26,0.93,5440.00,279604.00,81406.00,0.96,11.51,Morgan Stanley
376,2019,9.72,1.11,38947.00,286168.00,82697.00,0.97,11.58,Morgan Stanley
377,2020,10.51,1.17,(26675.00),316581.00,103149.00,1.04,12.49,Morgan Stanley
378,2021,12.09,1.74,31663.00,318837.00,106598.00,1.26,15.11,Morgan Stanley
379,2022,13.96,1.55,–,252777.00,100141.00,1.77,11.08,Morgan Stanley
380,2013,12.25,1.48,23745.00,93591.00,95416.00,4.61,12.71,Verizon
381,2014,18.56,13.59,15453.00,113271.00,13676.00,3.80,17.65,Verizon
382,2015,10.55,10.58,11310.00,109729.00,17842.00,7.50,113.45,Verizon
383,2016,16.95,9.27,4096.00,108078.00,24032.00,5.38,62.70,Verizon
384,2017,7.25,4.89,6488.00,117095.00,44687.00,12.01,87.61,Verizon
385,2018,14.91,4.24,16252.00,113063.00,53145.00,5.95,31.74,Verizon
386,2019,13.18,4.04,16909.00,133143.00,61395.00,6.92,33.64,Verizon
387,2020,13.66,3.51,19680.00,150547.00,67842.00,5.85,27.55,Verizon
388,2021,9.75,2.64,(28343.00),177930.00,81790.00,6.46,29.49,Verizon
389,2022,7.93,1.85,10401.00,176331.00,91144.00,5.70,24.58,Verizon
390,2013,0.00,10.49,561.30,521.28,2317.63,(5.58),(13.85),Salesforce
391,2014,0.00,11.91,576.36,1874.09,3038.51,(3.16),(8.67),Salesforce
392,2015,0.00,8.99,890.99,1370.69,3975.18,(2.65),(7.49),Salesforce
393,2016,0.00,9.05,1387.61,1286.10,5002.87,(0.40),(1.06),Salesforce
394,2017,282.50,7.26,1698.00,2028.39,7500.13,2.13,5.17,Salesforce
395,2018,670.06,7.85,2204.00,1720.00,10376.00,1.82,4.03,Salesforce
396,2019,102.68,7.31,2803.00,3376.00,15605.00,4.21,8.54,Salesforce
397,2020,792.65,4.46,3688.00,3476.00,33885.00,0.29,0.51,Salesforce
398,2021,50.88,5.00,4091.00,3474.00,41493.00,6.71,10.80,Salesforce
399,2022,152.05,3.82,5283.00,11392.00,58131.00,1.79,2.90,Salesforce
400,2013,20.30,2.67,4651.00,47847.00,51058.00,4.21,13.52,Comcast
401,2014,18.13,2.82,8360.00,48081.00,53068.00,5.27,16.10,Comcast
402,2015,17.42,2.60,9438.00,52621.00,53978.00,5.01,15.25,Comcast
403,2016,19.34,2.96,8554.00,61046.00,56174.00,5.00,15.76,Comcast
404,2017,8.61,2.78,9617.00,64556.00,69459.00,12.36,36.19,Comcast
405,2018,13.51,2.15,12128.00,111743.00,72502.00,5.34,16.53,Comcast
406,2019,15.89,2.44,12153.00,107383.00,83874.00,5.07,16.70,Comcast
407,2020,22.98,2.61,11146.00,108928.00,91738.00,3.92,12.00,Comcast
408,2021,16.61,2.37,16113.00,100020.00,97490.00,5.15,14.97,Comcast
409,2022,29.89,1.92,12316.00,99983.00,81627.00,2.01,6.00,Comcast
410,2013,22.55,15.22,5343.00,10872.00,6488.00,11.65,77.93,United Parcel Service
411,2014,33.59,47.19,3451.00,10779.00,2158.00,8.46,70.14,United Parcel Service
412,2015,17.85,34.81,5077.00,14334.00,2491.00,13.14,208.39,United Parcel Service
413,2016,29.74,236.87,3596.00,16075.00,429.00,8.70,234.38,United Parcel Service
414,2017,21.97,105.19,(3724.00),24289.00,1024.00,11.41,675.15,United Parcel Service
415,2018,17.67,27.81,6465.00,22736.00,3037.00,10.02,235.95,United Parcel Service
416,2019,22.91,30.81,2324.00,25238.00,3283.00,8.23,140.51,United Parcel Service
417,2020,102.06,218.24,5087.00,24654.00,669.00,2.23,67.97,United Parcel Service
418,2021,14.53,13.13,11685.00,21915.00,14269.00,19.56,172.58,United Parcel Service
419,2022,13.22,7.67,9347.00,19662.00,19803.00,16.44,67.79,United Parcel Service
420,2013,22.75,4.46,2993.00,5158.00,10807.00,10.91,19.52,Texas Instruments
421,2014,20.57,5.48,3811.00,4631.00,10390.00,15.30,26.20,Texas Instruments
422,2015,19.44,5.68,3956.00,4120.00,9946.00,17.77,29.37,Texas Instruments
423,2016,21.83,7.05,4083.00,3609.00,10473.00,22.01,35.21,Texas Instruments
424,2017,28.61,10.12,4708.00,4077.00,10337.00,21.41,35.06,Texas Instruments
425,2018,16.43,10.19,6067.00,5068.00,8994.00,31.84,57.29,Texas Instruments
426,2019,23.98,13.48,5832.00,5803.00,8907.00,28.36,55.70,Texas Instruments
427,2020,26.95,16.45,5494.00,6798.00,9187.00,29.80,61.55,Texas Instruments
428,2021,22.44,13.05,6369.00,7741.00,13333.00,35.14,68.70,Texas Instruments
429,2022,17.11,10.26,5926.00,8735.00,14577.00,33.57,62.41,Texas Instruments
430,2013,16.56,0.00,8935.00,27678.00,(6274.00),22.50,(180.97),Philip Morris
431,2014,17.11,0.00,6586.00,29455.00,(11203.00),20.34,(85.36),Philip Morris
432,2015,19.89,0.00,6905.00,28480.00,(11476.00),19.81,(60.40),Philip Morris
433,2016,20.36,0.00,6905.00,29067.00,(10900.00),19.63,(62.10),Philip Morris
434,2017,26.97,0.00,7364.00,34339.00,(10230.00),15.09,(56.99),Philip Morris
435,2018,13.14,0.00,8042.00,31759.00,(10739.00),19.08,(75.30),Philip Morris
436,2019,18.42,0.00,9238.00,31045.00,(9599.00),17.34,(70.49),Philip Morris
437,2020,16.01,0.00,9210.00,31536.00,(10631.00),18.33,(79.45),Philip Morris
438,2021,16.30,0.00,11219.00,27806.00,(8208.00),21.10,(96.43),Philip Morris
439,2022,17.41,0.00,9726.00,43123.00,(6311.00),17.53,(124.31),Philip Morris
440,2013,33.33,3.51,1407.00,1903.00,10381.00,0.73,11.08,Charles Schwab
441,2014,31.45,3.60,1948.00,1899.00,11803.00,0.85,12.34,Charles Schwab
442,2015,31.66,3.63,980.00,2877.00,13402.00,0.81,11.93,Charles Schwab
443,2016,30.23,3.90,3257.00,3134.00,16421.00,0.86,13.65,Charles Schwab
444,2017,31.56,4.38,(1239.00),20661.00,18525.00,0.93,14.85,Charles Schwab
445,2018,16.81,3.13,11886.00,6886.00,20670.00,1.23,19.81,Charles Schwab
446,2019,17.75,3.29,8617.00,8258.00,21745.00,1.19,19.15,Charles Schwab
447,2020,25.02,1.57,6221.00,15616.00,56060.00,0.72,9.05,Charles Schwab
448,2021,29.61,3.43,1202.00,24996.00,56261.00,0.88,11.33,Charles Schwab
449,2022,23.28,4.17,–,–,–,1.99,0.00,Charles Schwab
450,2013,34.07,5.74,3008.00,8340.00,15236.00,6.88,17.75,Bristol-Myers Squibb
451,2014,48.79,6.53,2622.00,7832.00,14983.00,5.54,13.26,Bristol-Myers Squibb
452,2015,70.92,7.95,1285.00,6689.00,14424.00,4.78,10.64,Bristol-Myers Squibb
453,2016,22.27,6.08,1843.00,6708.00,16347.00,13.62,28.97,Bristol-Myers Squibb
454,2017,100.51,8.51,4220.00,7962.00,11847.00,2.99,7.14,Bristol-Myers Squibb
455,2018,17.16,6.01,4989.00,7349.00,14127.00,14.36,37.88,Bristol-Myers Squibb
456,2019,29.05,2.12,7231.00,46733.00,51698.00,4.17,10.45,Bristol-Myers Squibb
457,2020,0.00,3.70,13299.00,50676.00,37882.00,(7.26),(20.13),Bristol-Myers Squibb
458,2021,19.79,3.85,15234.00,44553.00,36006.00,6.14,18.93,Bristol-Myers Squibb
459,2022,24.25,4.95,11948.00,39320.00,31118.00,6.14,18.85,Bristol-Myers Squibb
460,2013,99.58,4.23,987.59,1513.97,6724.63,2.84,4.33,Adobe
461,2014,144.61,5.42,1139.15,1514.32,6775.90,2.54,3.98,Adobe
462,2015,72.02,6.52,1342.35,1907.23,7001.58,5.59,9.14,Adobe
463,2016,43.75,6.90,1995.92,1892.20,7424.84,9.57,16.20,Adobe
464,2017,52.75,10.59,2734.73,1881.42,8459.87,12.44,21.33,Adobe
465,2018,47.52,13.16,3762.00,4124.80,9362.11,15.56,29.08,Adobe
466,2019,49.88,13.97,4027.00,4138.00,10530.00,14.93,29.67,Adobe
467,2020,43.74,17.35,5308.00,4209.00,13264.00,23.35,44.21,Adobe
468,2021,66.32,21.59,6882.00,4220.00,14797.00,18.72,34.37,Adobe
469,2022,34.05,11.54,7396.00,4129.00,14051.00,17.48,32.97,Adobe
470,2013,11.26,1.94,5023.00,20241.00,33219.00,6.36,18.98,Raytheon Technologies
471,2014,10.44,2.00,4792.00,19701.00,32564.00,6.84,18.91,Raytheon Technologies
472,2015,6.89,1.83,4666.00,20425.00,28844.00,8.52,24.78,Raytheon Technologies
473,2016,11.32,1.96,4325.00,23901.00,29169.00,5.71,17.43,Raytheon Technologies
474,2017,13.98,2.03,3237.00,27485.00,31421.00,4.88,15.03,Raytheon Technologies
475,2018,10.12,1.32,803.00,45537.00,40610.00,4.56,14.63,Raytheon Technologies
476,2019,14.57,1.82,3602.00,43252.00,44231.00,4.04,13.05,Raytheon Technologies
477,2020,0.00,1.31,2227.00,31823.00,73852.00,(2.33),(5.96),Raytheon Technologies
478,2021,33.36,1.73,4700.00,31485.00,74664.00,2.39,5.20,Raytheon Technologies
479,2022,28.64,2.01,4393.00,31914.00,74178.00,3.25,6.98,Raytheon Technologies
480,2013,19.16,2.01,(1415.00),28426.00,18040.00,2.85,11.19,Nextera Energy
481,2014,18.98,2.29,(1210.00),28701.00,20168.00,3.43,12.90,Nextera Energy
482,2015,17.11,2.02,(2236.00),29687.00,23112.00,3.50,12.72,Nextera Energy
483,2016,19.12,2.17,2787.00,30840.00,25331.00,3.37,12.00,Nextera Energy
484,2017,13.62,2.46,1231.00,35025.00,29531.00,5.72,19.61,Nextera Energy
485,2018,12.46,2.20,2327.00,37712.00,37413.00,6.58,19.83,Nextera Energy
486,2019,31.17,2.82,(7991.00),42583.00,41360.00,3.40,9.57,Nextera Energy
487,2020,51.87,3.36,(5615.00),48091.00,44929.00,2.38,6.77,Nextera Energy
488,2021,51.58,4.03,(5763.00),54827.00,45424.00,2.66,7.91,Nextera Energy
489,2022,40.11,3.42,(9457.00),64966.00,48326.00,2.77,8.85,Nextera Energy
490,2013,189.82,16.07,(22.24),500.00,1333.56,2.40,10.82,Netflix
491,2014,76.95,11.05,(128.03),885.85,1857.71,4.28,16.72,Netflix
492,2015,400.35,21.91,(918.64),2371.36,2223.43,1.42,6.01,Netflix
493,2016,289.75,20.40,(1658.81),3364.31,2679.80,1.57,7.61,Netflix
494,2017,155.87,24.24,(1959.25),6499.43,3581.96,3.43,17.85,Netflix
495,2018,96.28,22.24,(2854.43),10360.06,5238.77,5.38,27.46,Netflix
496,2019,75.78,18.68,(3140.36),14950.26,7582.16,6.23,29.12,Netflix
497,2020,86.38,21.55,1929.15,16565.09,11065.24,7.54,29.62,Netflix
498,2021,52.39,16.84,(920.32),15708.07,15849.25,12.20,38.02,Netflix
499,2022,29.64,6.32,1618.53,14709.08,20777.40,9.64,24.53,Netflix
500,2013,16.91,3.20,7734.00,–,36087.00,15.48,19.68,QUALCOMM
501,2014,15.87,3.21,7739.00,–,39166.00,16.93,21.17,QUALCOMM
502,2015,16.58,2.77,4778.00,10969.00,31414.00,10.61,14.94,QUALCOMM
503,2016,17.89,3.20,7093.00,11757.00,31768.00,11.06,18.06,QUALCOMM
504,2017,31.07,2.49,4311.00,21893.00,30746.00,4.15,7.82,QUALCOMM
505,2018,0.00,131.62,12312.00,16370.00,807.00,(10.11),(31.46),QUALCOMM
506,2019,21.07,18.80,6597.00,15933.00,4909.00,13.36,153.46,QUALCOMM
507,2020,25.64,21.98,4407.00,15726.00,6077.00,15.17,94.63,QUALCOMM
508,2021,16.14,14.66,8648.00,15745.00,9950.00,23.54,112.85,QUALCOMM
509,2022,9.82,7.04,6834.00,15482.00,18013.00,28.67,92.52,QUALCOMM
510,2013,10.31,2.06,13852.00,74788.00,91482.00,6.70,20.00,AT&T
511,2014,28.23,1.94,10139.00,81834.00,90270.00,2.24,7.09,AT&T
512,2015,14.64,1.57,16662.00,126151.00,123640.00,3.82,12.48,AT&T
513,2016,20.49,2.14,16926.00,123513.00,124110.00,3.22,10.48,AT&T
514,2017,8.08,1.67,17363.00,164346.00,142007.00,6.95,22.23,AT&T
515,2018,9.94,1.00,22351.00,176505.00,193884.00,3.97,11.92,AT&T
516,2019,20.57,1.42,29033.00,188402.00,201934.00,2.57,7.55,AT&T
517,2020,0.00,1.27,27455.00,182984.00,179240.00,(1.00),(3.10),AT&T
518,2021,8.91,1.07,25430.00,203566.00,183855.00,3.69,12.12,AT&T
519,2022,–,–,–,–,106457.00,–,–,AT&T
520,2013,18.48,5.04,7541.00,55330.00,19496.00,3.47,27.68,American Express
521,2014,16.64,4.70,9795.00,57955.00,20673.00,3.74,29.07,American Express
522,2015,13.77,3.36,9365.00,48061.00,20673.00,3.16,24.49,American Express
523,2016,13.34,3.43,6916.00,68295.00,20501.00,3.28,25.51,American Express
524,2017,34.00,4.78,12478.00,59082.00,18261.00,1.56,13.65,American Express
525,2018,12.02,3.66,7620.00,72838.00,22290.00,3.67,33.47,American Express
526,2019,15.54,4.47,11987.00,79892.00,23071.00,3.43,29.24,American Express
527,2020,32.07,4.23,4113.00,56659.00,22984.00,1.56,13.18,American Express
528,2021,16.34,5.82,13095.00,55101.00,22177.00,4.17,35.06,American Express
529,2022,14.94,4.47,19224.00,42573.00,24711.00,3.55,31.56,American Express
530,2013,17.46,3.90,3403.00,7530.00,17579.00,8.99,25.61,Honeywell
531,2014,17.61,4.20,4004.00,6985.00,17784.00,9.33,23.97,Honeywell
532,2015,16.16,4.18,4461.00,6131.00,18418.00,10.06,26.34,Honeywell
533,2016,17.96,4.35,4424.00,12409.00,19547.00,9.30,25.35,Honeywell
534,2017,68.52,6.74,5021.00,13924.00,16665.00,2.72,8.53,Honeywell
535,2018,14.50,5.35,5621.00,12628.00,18358.00,11.54,38.63,Honeywell
536,2019,20.77,6.82,6101.00,12486.00,18706.00,10.55,33.15,Honeywell
537,2020,31.33,8.42,5359.00,18787.00,17790.00,7.75,26.19,Honeywell
538,2021,26.06,7.50,5170.00,16057.00,19242.00,8.59,29.93,Honeywell
539,2022,29.20,8.61,4537.00,16853.00,17319.00,7.84,27.17,Honeywell
540,2013,9.52,1.66,10824.00,21662.00,52492.00,7.79,18.15,ConocoPhillips
541,2014,12.47,1.63,1087.00,22565.00,52273.00,5.86,13.11,ConocoPhillips
542,2015,0.00,1.45,(526.00),24880.00,40082.00,(4.14),(9.59),ConocoPhillips
543,2016,0.00,1.79,820.00,27275.00,35226.00,(3.86),(9.60),ConocoPhillips
544,2017,0.00,2.19,16346.00,19703.00,30801.00,(1.05),(2.60),ConocoPhillips
545,2018,11.61,2.27,7266.00,14968.00,31939.00,8.73,20.01,ConocoPhillips
546,2019,10.11,2.07,7480.00,15827.00,34981.00,10.23,21.49,ConocoPhillips
547,2020,0.00,1.44,1404.00,16154.00,29849.00,(4.06),(8.33),ConocoPhillips
548,2021,11.89,2.09,13325.00,20601.00,45406.00,10.54,21.47,ConocoPhillips
549,2022,–,–,–,–,48003.00,–,–,ConocoPhillips
550,2013,0.00,5.36,6.00,1998.00,544.00,(1.99),(15.34),AMD
551,2014,0.00,10.97,(193.00),2035.00,187.00,(9.95),(110.26),AMD
552,2015,0.00,0.00,(314.00),2007.00,(412.00),(19.27),586.67,AMD
553,2016,0.00,22.94,4.00,1435.00,416.00,(15.55),"(24,900.00)",AMD
554,2017,366.00,17.54,(101.00),1395.00,596.00,(0.96),(6.52),AMD
555,2018,54.29,14.32,(129.00),1250.00,1266.00,8.31,36.20,AMD
556,2019,152.87,17.70,276.00,529.00,2827.00,6.44,16.66,AMD
557,2020,44.09,18.60,777.00,371.00,5837.00,33.22,57.48,AMD
558,2021,55.13,23.28,3220.00,313.00,7497.00,29.58,47.43,AMD
559,2022,71.93,1.89,3565.00,2467.00,54750.00,3.30,4.24,AMD
560,2013,16.93,3.89,5618.00,32128.00,22096.00,8.44,24.69,Amgen
561,2014,23.46,4.69,7952.00,30715.00,25778.00,7.63,21.55,Amgen
562,2015,17.72,4.38,9411.00,31429.00,28083.00,9.88,25.77,Amgen
563,2016,14.61,3.77,9616.00,34596.00,29875.00,10.36,26.65,Amgen
564,2017,67.30,5.13,10513.00,35342.00,25241.00,2.51,7.18,Amgen
565,2018,15.34,10.29,10558.00,33929.00,12500.00,11.47,44.48,Amgen
566,2019,18.62,15.08,8532.00,29903.00,9673.00,12.44,70.73,Amgen
567,2020,18.56,14.32,9889.00,32986.00,9409.00,11.84,76.13,Amgen
568,2021,21.72,19.14,8381.00,33309.00,6700.00,9.50,73.16,Amgen
569,2022,21.48,38.24,8785.00,38945.00,3661.00,10.38,126.47,Amgen
570,2013,8.94,3.07,3032.60,34475.70,10267.70,6.11,41.30,Deere & Company
571,2014,9.90,3.43,3569.10,36958.40,9065.50,5.23,32.71,Deere & Company
572,2015,13.87,3.96,4114.20,36849.40,6757.60,3.25,24.52,Deere & Company
573,2016,18.28,4.26,4381.50,35611.50,6530.80,2.63,22.94,Deere & Company
574,2017,19.80,4.44,3042.00,40045.30,9560.50,3.49,26.83,Deere & Company
575,2018,18.48,3.87,2409.00,42256.00,11288.00,3.49,22.72,Deere & Company
576,2019,16.96,4.83,3940.00,45334.00,11413.00,4.55,28.66,Deere & Company
577,2020,26.39,5.61,8446.00,46600.00,12937.00,3.72,22.60,Deere & Company
578,2021,18.75,6.06,8972.00,48691.00,18431.00,7.49,38.02,Deere & Company
579,2022,16.86,5.95,5658.00,52201.00,20262.00,8.19,36.86,Deere & Company
580,2013,15.98,9.70,3710.00,6152.00,4918.00,7.97,120.27,Lockheed Martin
581,2014,16.88,17.94,3021.00,6142.00,3400.00,9.87,86.90,Lockheed Martin
582,2015,18.70,21.76,4162.00,15261.00,3097.00,8.35,110.97,Lockheed Martin
583,2016,14.57,47.21,4126.00,14282.00,1606.00,10.65,219.99,Lockheed Martin
584,2017,46.03,0.00,5299.00,14263.00,(776.00),4.16,473.01,Lockheed Martin
585,2018,14.76,51.41,1860.00,14104.00,1449.00,11.03,"1,499.55",Lockheed Martin
586,2019,17.64,34.63,5827.00,12654.00,3171.00,13.48,269.70,Lockheed Martin
587,2020,14.55,16.46,6417.00,12169.00,6038.00,13.91,148.40,Lockheed Martin
588,2021,15.56,8.96,7699.00,12776.00,10959.00,12.43,74.31,Lockheed Martin
589,2022,21.92,13.59,6132.00,15730.00,9266.00,11.05,56.68,Lockheed Martin
590,2013,10.86,1.17,3899.00,160965.00,78467.00,0.84,10.98,Goldman Sachs
591,2014,11.04,1.21,(8580.00),167302.00,82797.00,0.91,11.15,Goldman Sachs
592,2015,14.66,1.07,7876.00,175422.00,86728.00,0.65,7.47,Goldman Sachs
593,2016,14.54,1.36,4010.00,320809.00,86893.00,0.82,9.37,Goldman Sachs
594,2017,29.02,1.46,(23099.00),379016.00,82243.00,0.41,5.05,Goldman Sachs
595,2018,6.55,0.82,12293.00,398543.00,90185.00,1.07,13.20,Goldman Sachs
596,2019,10.87,1.08,22057.00,425832.00,90265.00,0.82,9.99,Goldman Sachs
597,2020,8.40,1.11,(17067.00),461364.00,95932.00,0.83,10.89,Goldman Sachs
598,2021,6.36,1.35,187.00,569617.00,109926.00,1.61,23.00,Goldman Sachs
599,2022,11.40,1.14,–,463000.00,117000.00,0.74,10.47,Goldman Sachs
600,2013,15.47,2.81,6589.00,37750.00,20878.00,4.36,19.70,Caterpillar
601,2014,15.31,3.36,5582.00,39285.00,16826.00,2.89,13.01,Caterpillar
602,2015,19.42,2.71,4198.00,38013.00,14885.00,3.08,15.84,Caterpillar
603,2016,0.00,4.16,3610.00,36783.00,13213.00,(0.09),(0.48),Caterpillar
604,2017,120.80,6.75,4534.00,34878.00,13766.00,0.99,5.59,Caterpillar
605,2018,12.27,5.34,4578.00,36553.00,14080.00,7.91,44.15,Caterpillar
606,2019,13.64,5.67,5396.00,37657.00,14629.00,7.76,42.45,Caterpillar
607,2020,33.09,6.44,4984.00,37163.00,15378.00,3.82,19.98,Caterpillar
608,2021,17.36,6.75,5991.00,37789.00,16516.00,8.06,40.69,Caterpillar
609,2022,18.88,7.77,5997.00,36993.00,15891.00,8.14,41.38,Caterpillar
610,2013,22.73,3.17,2681.00,9077.00,13857.00,5.87,12.80,Lowe's Companies
611,2014,21.73,4.14,3246.00,10521.00,11853.00,6.94,17.66,Lowe's Companies
612,2015,25.34,6.78,4101.00,11358.00,9968.00,8.32,24.58,Lowe's Companies
613,2016,26.81,8.80,3644.00,12649.00,7654.00,8.05,28.76,Lowe's Companies
614,2017,21.06,10.00,4487.00,15699.00,6434.00,9.33,43.50,Lowe's Companies
615,2018,25.54,14.96,3987.00,16995.00,5873.00,9.86,55.84,Lowe's Companies
616,2019,34.34,21.40,5095.00,16223.00,3644.00,6.61,48.48,Lowe's Companies
617,2020,21.21,45.80,2975.00,19306.00,1972.00,11.54,151.99,Lowe's Companies
618,2021,21.08,85.04,9348.00,21780.00,1437.00,13.48,340.92,Lowe's Companies
619,2022,19.75,0.00,8373.00,24727.00,(4816.00),18.41,(497.72),Lowe's Companies
620,2013,17.72,3.67,3425.00,9577.00,21225.00,9.06,21.35,Union Pacific Corporation
621,2014,20.61,5.04,3177.00,11413.00,21189.00,10.15,24.43,Union Pacific Corporation
622,2015,14.19,3.27,2945.00,14201.00,20702.00,8.92,22.78,Union Pacific Corporation
623,2016,20.14,4.28,4149.00,15007.00,19932.00,7.67,20.83,Union Pacific Corporation
624,2017,10.01,4.36,4160.00,16944.00,24856.00,18.87,47.83,Union Pacific Corporation
625,2018,17.37,5.08,5312.00,22391.00,20423.00,10.20,26.35,Union Pacific Corporation
626,2019,21.47,7.02,5230.00,25200.00,18128.00,9.80,30.71,Union Pacific Corporation
627,2020,26.39,8.32,5762.00,26729.00,16958.00,8.62,30.49,Union Pacific Corporation
628,2021,25.22,11.63,6274.00,29729.00,14161.00,10.36,41.92,Union Pacific Corporation
629,2022,18.48,10.63,5936.00,33326.00,12163.00,10.85,53.17,Union Pacific Corporation
630,2013,22.67,6.91,5992.00,9635.00,14997.00,5.04,43.67,Boeing
631,2014,17.40,10.76,6656.00,9070.00,8790.00,5.86,45.74,Boeing
632,2015,19.23,15.53,6955.00,9964.00,6397.00,5.52,68.11,Boeing
633,2016,20.25,113.75,7921.00,9952.00,877.00,5.46,138.33,Boeing
634,2017,21.76,104.41,11568.00,11117.00,1713.00,8.35,652.66,Boeing
635,2018,17.85,455.59,13651.00,13847.00,410.00,9.10,984.74,Boeing
636,2019,0.00,0.00,(4073.00),27302.00,(8300.00),(0.51),16.12,Boeing
637,2020,0.00,0.00,(19417.00),63583.00,(18075.00),(8.31),90.03,Boeing
638,2021,0.00,0.00,(3867.00),58102.00,(14846.00),(2.89),25.53,Boeing
639,2022,0.00,0.00,2325.00,57001.00,(15848.00),(3.58),32.16,Boeing
640,2013,22.04,5.38,1171.00,499.00,3531.00,16.87,27.35,Intuit
641,2014,25.94,7.59,1260.00,499.00,3078.00,16.97,27.45,Intuit
642,2015,78.93,12.75,1328.00,500.00,2332.00,7.18,13.49,Intuit
643,2016,28.99,24.99,938.00,1000.00,1161.00,21.24,56.05,Intuit
644,2017,36.30,26.04,1369.00,488.00,1354.00,23.68,78.33,Intuit
645,2018,43.27,18.57,1988.00,438.00,2816.00,28.89,63.74,Intuit
646,2019,46.30,19.23,2169.00,436.00,3749.00,27.28,47.43,Intuit
647,2020,43.83,15.66,2277.00,3415.00,5106.00,21.22,41.24,Intuit
648,2021,69.68,14.43,3125.00,2100.00,9869.00,15.59,27.54,Intuit
649,2022,61.10,7.64,3660.00,6998.00,16441.00,9.55,15.71,Intuit
650,2013,11.86,8.56,14234.00,39718.00,22929.00,13.43,78.65,IBM
651,2014,12.78,12.82,13532.00,40722.00,12014.00,9.87,68.81,IBM
652,2015,9.75,8.93,14046.00,39889.00,14424.00,11.58,99.78,IBM
653,2016,12.85,8.30,13941.00,42168.00,18392.00,10.42,72.36,IBM
654,2017,24.02,7.76,13955.00,46824.00,17725.00,4.74,31.86,IBM
655,2018,11.36,5.85,12100.00,45812.00,16929.00,7.02,50.37,IBM
656,2019,12.04,5.42,13021.00,62899.00,20985.00,6.84,49.75,IBM
657,2020,19.19,5.17,15767.00,61333.00,20727.00,3.63,26.80,IBM
658,2021,20.85,6.30,11121.00,51704.00,18996.00,3.99,28.92,IBM
659,2022,78.20,5.82,8575.00,50949.00,22021.00,1.26,7.99,IBM
660,2013,34.06,12.87,1757.10,1299.40,4482.30,0.08,0.17,Starbucks
661,2014,27.85,10.78,(553.10),2048.30,5273.70,18.57,42.40,Starbucks
662,2015,31.23,14.61,2454.30,2347.50,5819.80,23.80,49.71,Starbucks
663,2016,28.49,13.53,3257.60,3585.20,5890.70,21.08,48.12,Starbucks
664,2017,27.31,14.29,2732.40,3936.60,5457.00,20.12,50.84,Starbucks
665,2018,17.31,65.36,9961.40,9440.10,1175.80,23.46,136.24,Starbucks
666,2019,30.18,0.00,3240.40,11172.00,(6231.00),16.60,(142.40),Starbucks
667,2020,111.58,0.00,114.20,15909.50,(7799.40),3.82,(13.23),Starbucks
668,2021,31.07,0.00,4519.10,14615.80,(5314.50),13.82,(64.04),Starbucks
669,2022,29.88,0.00,2556.00,15043.90,(8698.70),11.05,(46.84),Starbucks
670,2013,15.73,15.97,665.00,799.00,1344.00,20.99,126.01,S&P Global
671,2014,0.00,44.82,1117.00,795.00,539.00,(1.79),(12.21),S&P Global
672,2015,23.20,110.18,217.00,3611.00,243.00,15.46,295.65,S&P Global
673,2016,13.52,40.63,1445.00,3564.00,701.00,24.99,446.19,S&P Global
674,2017,28.89,56.25,1893.00,3569.00,766.00,16.54,203.95,S&P Global
675,2018,21.73,62.34,1951.00,3662.00,684.00,20.76,270.07,S&P Global
676,2019,31.57,125.01,2661.00,4060.00,536.00,20.42,348.03,S&P Global
677,2020,33.85,138.75,3491.00,4210.00,571.00,19.59,422.58,S&P Global
678,2021,37.57,53.93,3563.00,4210.00,2107.00,21.94,225.84,S&P Global
679,2022,31.80,2.91,2514.00,10956.00,36477.00,8.46,16.84,S&P Global
680,2013,54.34,1.28,4299.01,9011.22,14176.45,1.22,2.31,Prologis
681,2014,34.70,1.42,1290.84,9336.98,15183.60,2.47,4.26,Prologis
682,2015,25.86,1.22,1443.57,11626.83,18420.84,3.02,5.16,Prologis
683,2016,23.26,1.51,1875.73,11230.29,18458.14,3.90,6.55,Prologis
684,2017,20.78,1.82,2611.13,9581.63,18705.74,5.50,8.87,Prologis
685,2018,20.68,1.29,933.73,11362.82,25800.89,4.84,7.41,Prologis
686,2019,36.09,2.16,1472.17,12441.88,26071.78,3.99,6.06,Prologis
687,2020,49.34,2.00,1688.71,17225.08,36324.58,3.07,4.73,Prologis
688,2021,42.30,3.30,1759.02,18701.05,37742.21,5.12,7.94,Prologis
689,2022,25.85,1.53,28.97,23908.96,57863.09,4.59,7.04,Prologis
690,2013,18.93,2.30,3853.00,13402.00,37938.00,6.67,12.15,CVS Health
691,2014,24.08,2.95,6012.00,12890.00,37963.00,6.37,12.24,CVS Health
692,2015,20.94,2.94,6207.00,27464.00,37203.00,6.29,13.93,CVS Health
693,2016,16.27,2.34,7917.00,27531.00,36834.00,5.69,14.36,CVS Health
694,2017,11.35,1.99,6089.00,27002.00,37695.00,6.99,17.77,CVS Health
695,2018,0.00,1.17,6828.00,73429.00,58543.00,(0.41),(1.23),CVS Health
696,2019,14.60,1.51,10391.00,68480.00,64170.00,3.17,10.81,CVS Health
697,2020,12.46,1.28,13428.00,64647.00,69701.00,3.17,10.73,CVS Health
698,2021,17.19,1.81,15745.00,56176.00,75381.00,3.41,10.90,CVS Health
699,2022,29.31,1.71,13450.00,52254.00,71315.00,1.80,5.66,CVS Health
700,2013,13.45,2.21,10029.00,13446.00,58256.00,10.89,17.58,Intel
701,2014,15.12,3.18,10313.00,13655.00,55865.00,12.70,20.51,Intel
702,2015,14.29,2.67,11692.00,22670.00,61085.00,11.81,19.53,Intel
703,2016,16.87,2.61,12183.00,25283.00,66226.00,9.61,16.21,Intel
704,2017,22.97,3.19,10332.00,26813.00,69019.00,8.12,14.20,Intel
705,2018,10.27,2.90,14251.00,26359.00,74563.00,16.76,29.33,Intel
706,2019,12.52,3.41,16932.00,29001.00,77504.00,15.92,27.68,Intel
707,2020,10.00,2.58,21411.00,36401.00,81038.00,14.43,26.36,Intel
708,2021,10.51,2.19,9127.00,38101.00,95391.00,12.36,22.52,Intel
709,2022,13.57,1.06,(9617.00),42051.00,103286.00,4.57,8.07,Intel
710,2013,18.36,2.02,3548.00,29096.00,26616.00,1.40,11.23,BlackRock
711,2014,18.26,2.19,3021.00,41965.00,27485.00,1.43,12.18,BlackRock
712,2015,16.93,1.98,2783.00,36266.00,28580.00,1.44,11.93,BlackRock
713,2016,20.02,2.18,2154.00,33623.00,29150.00,1.42,10.98,BlackRock
714,2017,16.58,2.59,3795.00,24190.00,31848.00,2.25,16.24,BlackRock
715,2018,14.63,1.94,2871.00,26634.00,32433.00,2.27,13.39,BlackRock
716,2019,17.52,2.33,2630.00,20573.00,33613.00,2.73,13.55,BlackRock
717,2020,22.42,3.13,3549.00,24521.00,35334.00,2.85,14.31,BlackRock
718,2021,23.62,3.69,4603.00,15277.00,37806.00,3.58,16.14,BlackRock
719,2022,20.76,2.87,–,–,–,6.78,0.00,BlackRock
720,2013,37.36,9.78,2915.00,6700.00,11745.00,14.04,28.89,Gilead Sciences
721,2014,11.84,9.07,12261.00,13005.00,15819.00,42.28,87.80,Gilead Sciences
722,2015,8.19,7.75,20503.00,22452.00,19113.00,41.93,103.68,Gilead Sciences
723,2016,7.36,5.13,16299.00,26643.00,19363.00,24.84,70.18,Gilead Sciences
724,2017,20.93,4.72,11308.00,34100.00,20501.00,7.27,23.22,Gilead Sciences
725,2018,14.89,3.77,7476.00,28362.00,21534.00,8.14,25.95,Gilead Sciences
726,2019,15.33,3.64,8319.00,25602.00,22650.00,8.60,24.38,Gilead Sciences
727,2020,582.60,4.02,7518.00,32616.00,18221.00,0.19,0.60,Gilead Sciences
728,2021,14.67,4.33,10805.00,27671.00,21064.00,9.13,31.69,Gilead Sciences
729,2022,23.27,5.04,8344.00,26409.00,21209.00,7.00,21.73,Gilead Sciences
730,2013,28.35,3.14,1691.00,2764.00,9047.00,6.95,11.40,Stryker Corporation
731,2014,59.33,4.15,1549.00,3973.00,8595.00,3.12,5.84,Stryker Corporation
732,2015,24.33,4.11,711.00,3998.00,8511.00,8.59,16.82,Stryker Corporation
733,2016,27.08,4.68,1425.00,6914.00,9550.00,8.99,18.24,Stryker Corporation
734,2017,57.84,5.92,961.00,7222.00,9980.00,4.79,10.45,Stryker Corporation
735,2018,16.52,5.00,2038.00,9859.00,11730.00,14.38,32.73,Stryker Corporation
736,2019,37.69,6.13,1542.00,11090.00,12807.00,7.26,16.98,Stryker Corporation
737,2020,57.39,7.03,2790.00,13991.00,13084.00,4.96,12.35,Stryker Corporation
738,2021,50.55,6.78,2738.00,12479.00,14877.00,5.78,14.26,Stryker Corporation
739,2022,39.49,5.60,2036.00,13048.00,16616.00,6.59,14.97,Stryker Corporation
740,2013,11.66,0.79,60470.00,221116.00,206133.00,0.72,6.94,Citigroup
741,2014,22.36,0.82,43580.00,223080.00,211696.00,0.36,3.34,Citigroup
742,2015,9.58,0.75,37116.00,201275.00,223092.00,0.91,7.97,Citigroup
743,2016,12.84,0.85,51644.00,414825.00,226143.00,0.77,6.60,Citigroup
744,2017,0.00,1.10,(11758.00),437438.00,201672.00,(0.44),(4.13),Citigroup
745,2018,7.78,0.73,33390.00,480703.00,197074.00,0.89,9.24,Citigroup
746,2019,9.94,1.02,(17914.00),498206.00,193946.00,0.94,10.25,Citigroup
747,2020,12.19,0.71,(24017.00),519909.00,200200.00,0.47,5.54,Citigroup
748,2021,5.97,0.67,57320.00,507388.00,202672.00,0.91,11.39,Citigroup
749,2022,6.53,0.49,–,521146.00,201838.00,0.63,8.10,Citigroup
750,2013,85.05,3.03,433.00,1946.00,7088.00,2.12,3.57,Applied Materials
751,2014,24.01,3.41,1584.00,1947.00,7868.00,8.50,14.34,Applied Materials
752,2015,14.95,2.69,948.00,4542.00,7613.00,9.67,17.79,Applied Materials
753,2016,18.52,4.46,2313.00,3325.00,7217.00,11.52,23.21,Applied Materials
754,2017,17.69,6.48,3444.00,5304.00,9349.00,20.71,42.48,Applied Materials
755,2018,9.93,4.87,3165.00,5309.00,6845.00,16.40,37.52,Applied Materials
756,2019,18.78,6.19,2806.00,5313.00,8214.00,14.76,35.94,Applied Materials
757,2020,15.27,5.22,3382.00,5512.00,10578.00,17.49,38.52,Applied Materials
758,2021,21.53,10.37,4774.00,5525.00,12247.00,24.44,51.59,Applied Materials
759,2022,11.79,6.31,4612.00,5542.00,12194.00,24.83,53.39,Applied Materials
760,2013,–,–,–,–,–,–,–,Booking Holdings (Booking.com)
761,2014,31.37,8.57,2216.99,1902.51,6909.73,22.25,35.03,Booking Holdings (Booking.com)
762,2015,24.64,6.96,2782.89,3861.35,8566.69,19.21,31.30,Booking Holdings (Booking.com)
763,2016,25.37,7.38,3029.61,6158.44,8795.47,15.85,29.39,Booking Holdings (Booking.com)
764,2017,34.24,7.45,3764.00,7166.79,9820.14,11.46,22.94,Booking Holdings (Booking.com)
765,2018,37.47,7.77,4374.00,10775.00,11261.00,10.34,22.21,Booking Holdings (Booking.com)
766,2019,20.43,9.30,4896.00,9815.00,8785.00,16.61,39.89,Booking Holdings (Booking.com)
767,2020,18.06,14.91,4497.00,9649.00,5933.00,22.07,66.11,Booking Holdings (Booking.com)
768,2021,1475.01,18.65,(201.00),12937.00,4893.00,0.27,1.09,Booking Holdings (Booking.com)
769,2022,85.32,15.92,2516.00,11751.00,6178.00,5.12,21.05,Booking Holdings (Booking.com)
770,2013,22.61,3.20,789.27,872.24,4739.58,11.22,15.13,Analog Devices
771,2014,24.69,3.27,693.69,872.79,4757.90,9.51,13.25,Analog Devices
772,2015,27.06,3.72,753.84,869.93,5072.96,10.01,14.18,Analog Devices
773,2016,22.97,3.83,1163.95,1732.18,5165.62,11.47,16.83,Analog Devices
774,2017,43.68,3.11,950.27,7851.08,10161.54,5.53,10.51,Analog Devices
775,2018,20.88,2.75,2187.49,6332.67,11268.17,7.22,14.01,Analog Devices
776,2019,28.98,3.36,1977.73,5491.92,11709.19,6.52,11.86,Analog Devices
777,2020,35.79,3.64,1842.80,5185.10,11997.95,5.70,10.30,Analog Devices
778,2021,46.91,1.83,2391.39,6769.88,37992.54,3.77,5.56,Analog Devices
779,2022,26.86,2.03,3776.09,6602.63,36465.32,5.36,7.38,Analog Devices
780,2013,20.95,4.75,1352.00,14.70,6189.90,4.46,22.85,Automatic Data Processing
781,2014,22.03,5.00,1518.40,11.50,6670.20,4.71,23.58,Automatic Data Processing
782,2015,26.05,7.89,1662.10,9.20,4808.50,4.46,25.31,Automatic Data Processing
783,2016,28.09,9.37,1527.00,2007.70,4481.60,3.89,32.13,Automatic Data Processing
784,2017,26.41,11.54,1655.30,2002.40,3977.00,4.42,42.27,Automatic Data Processing
785,2018,36.65,12.55,2044.80,2002.40,4735.90,4.96,43.27,Automatic Data Processing
786,2019,31.51,13.40,2129.70,2264.20,5399.90,5.68,45.24,Automatic Data Processing
787,2020,25.98,11.15,2439.20,2004.60,5752.20,6.09,44.23,Automatic Data Processing
788,2021,32.67,14.93,2606.20,3103.00,5670.10,5.91,45.50,Automatic Data Processing
789,2022,29.88,27.27,2580.30,3220.10,3225.30,5.27,66.30,Automatic Data Processing
790,2013,57.42,8.78,874.51,14478.28,3590.04,3.21,15.16,American Tower
791,2014,48.94,9.66,1160.18,14540.35,4053.35,3.86,20.96,American Tower
792,2015,67.80,6.05,1438.10,17119.01,6712.82,2.47,11.05,American Tower
793,2016,52.81,6.47,2019.20,18533.50,6976.20,2.94,12.41,American Tower
794,2017,52.27,8.85,2122.00,20205.10,6828.10,3.59,16.68,American Tower
795,2018,56.90,11.79,2835.10,21159.90,5899.60,3.71,19.28,American Tower
796,2019,53.82,18.51,2761.30,24055.40,5490.40,4.98,33.15,American Tower
797,2020,58.76,21.80,2849.70,29287.50,4568.40,3.76,33.61,American Tower
798,2021,51.32,14.56,3443.20,43254.20,9069.60,4.38,37.66,American Tower
799,2022,33.97,8.06,1822.60,38670.20,12408.50,2.58,16.44,American Tower
800,2013,15.36,1.57,24472.00,299555.00,136783.00,1.95,9.84,General Electric
801,2014,12.56,1.39,23498.00,257021.00,136833.00,2.32,11.13,General Electric
802,2015,0.00,2.28,14824.00,194519.00,100138.00,(1.07),(5.19),General Electric
803,2016,26.14,2.77,(2364.00),135794.00,77491.00,1.60,7.71,General Electric
804,2017,0.00,1.60,4988.00,132611.00,73498.00,(2.43),(11.82),General Electric
805,2018,0.00,0.96,2124.00,103600.00,30981.00,(6.62),(43.65),General Electric
806,2019,0.00,2.55,6615.00,94489.00,28316.00,(1.86),(18.35),General Electric
807,2020,14.54,1.99,2041.00,78097.00,35552.00,2.00,16.38,General Electric
808,2021,0.00,1.95,2138.00,38033.00,40310.00,(2.97),(17.82),General Electric
809,2022,0.00,1.93,4641.00,34743.00,36366.00,(0.03),(0.17),General Electric
810,2013,15.69,1.92,4931.00,15485.00,32532.00,5.29,12.06,Mondelez
811,2014,27.95,2.21,1927.00,15351.00,27853.00,3.14,7.23,Mondelez
812,2015,9.94,2.58,2274.00,15162.00,28100.00,11.21,25.98,Mondelez
813,2016,42.31,2.77,1752.00,14668.00,25215.00,2.63,6.13,Mondelez
814,2017,21.86,2.46,1688.00,14135.00,26074.00,4.54,11.03,Mondelez
815,2018,18.03,2.29,3251.00,15180.00,25713.00,5.38,13.06,Mondelez
816,2019,20.63,2.91,3122.00,15788.00,27317.00,6.18,14.82,Mondelez
817,2020,23.39,3.03,3111.00,20017.00,27654.00,5.37,12.93,Mondelez
818,2021,21.60,3.28,3409.00,19296.00,28323.00,6.37,15.36,Mondelez
819,2022,33.46,3.39,3705.00,20634.00,26920.00,3.93,9.84,Mondelez
820,2013,19.44,9.68,1653.79,1274.22,4229.89,21.69,54.14,TJX Companies
821,2014,20.91,10.70,2096.85,1623.86,4264.23,20.91,52.16,TJX Companies
822,2015,21.62,11.29,2067.53,1615.00,4307.07,20.26,53.15,TJX Companies
823,2016,21.65,10.89,2602.11,2227.60,4510.60,18.86,52.13,TJX Companies
824,2017,19.88,9.94,1968.01,2230.61,5148.31,19.36,54.00,TJX Companies
825,2018,20.38,12.23,2963.32,2233.62,5048.61,21.56,60.01,TJX Companies
826,2019,22.03,11.99,2843.42,3647.63,5948.21,17.01,59.51,TJX Companies
827,2020,1067.83,13.18,3993.87,6082.60,5832.68,0.33,1.54,TJX Companies
828,2021,26.66,14.39,2012.69,4931.84,6002.99,11.08,55.47,TJX Companies
829,2022,28.52,16.77,2627.00,3359.00,6364.00,12.31,0.00,TJX Companies
830,2013,16.82,2.31,192.00,5247.00,10581.00,2.73,14.51,Cigna
831,2014,13.16,2.52,1685.00,5126.00,10789.00,3.81,19.67,Cigna
832,2015,18.20,3.11,2423.00,5169.00,12044.00,3.71,18.34,Cigna
833,2016,18.85,2.52,3565.00,5032.00,13727.00,3.21,14.49,Cigna
834,2017,23.20,3.71,3615.00,5439.00,13711.00,3.69,16.31,Cigna
835,2018,17.75,1.14,3242.00,42478.00,41028.00,2.51,9.63,Cigna
836,2019,15.23,1.70,8435.00,37872.00,45338.00,3.41,11.82,Cigna
837,2020,9.01,1.51,9256.00,33562.00,50321.00,5.60,17.68,Cigna
838,2021,14.59,1.65,6037.00,34265.00,47112.00,3.56,11.01,Cigna
839,2022,15.04,2.18,8656.00,31093.00,44872.00,4.52,14.50,Cigna
840,2013,25.45,7.86,765.30,1344.30,3301.90,14.85,33.72,Estee Lauder
841,2014,23.88,7.41,1025.00,1343.10,3869.40,16.04,33.58,Estee Lauder
842,2015,30.09,8.99,1470.00,1624.90,3654.30,13.53,28.95,Estee Lauder
843,2016,30.24,9.39,1264.00,2242.00,3587.00,12.78,30.80,Estee Lauder
844,2017,28.23,8.00,1298.00,3572.00,4402.00,12.01,31.27,Estee Lauder
845,2018,47.42,11.15,1933.00,3544.00,4710.00,9.18,24.32,Estee Lauder
846,2019,37.19,15.02,1775.00,3412.00,4411.00,13.88,39.14,Estee Lauder
847,2020,99.31,17.17,1657.00,6136.00,3962.00,4.42,16.34,Estee Lauder
848,2021,40.26,18.95,2994.00,5569.00,6091.00,14.44,57.10,Estee Lauder
849,2022,38.88,16.31,1999.00,5412.00,5590.00,11.15,40.92,Estee Lauder
850,2013,0.00,19.24,26.43,414.78,394.26,(8.95),(23.12),ServiceNow
851,2014,0.00,23.01,86.56,443.44,428.68,(13.84),(43.60),ServiceNow
852,2015,0.00,23.78,228.52,474.53,566.81,(12.28),(39.87),ServiceNow
853,2016,0.00,32.17,34.77,507.81,386.96,(21.57),(86.87),ServiceNow
854,2017,0.00,28.96,485.76,1173.44,778.74,(4.19),(20.05),ServiceNow
855,2018,0.00,28.50,562.23,661.71,1111.20,(0.72),(2.83),ServiceNow
856,2019,85.04,24.74,898.00,747.98,2127.94,12.66,38.71,ServiceNow
857,2020,887.79,37.50,1354.00,1712.00,2834.00,1.61,4.80,ServiceNow
858,2021,554.79,34.80,1792.00,1576.00,3695.00,2.36,7.05,ServiceNow
859,2022,239.44,15.43,2173.00,1582.00,5032.00,2.70,7.45,ServiceNow
860,2013,16.99,18.64,4244.00,14517.00,4118.00,12.92,124.45,Altria Group
861,2014,19.17,32.38,4500.00,14693.00,3010.00,14.59,141.92,Altria Group
862,2015,21.72,39.73,5614.00,12847.00,2873.00,15.87,177.83,Altria Group
863,2016,9.28,10.34,3637.00,13881.00,12773.00,36.74,181.71,Altria Group
864,2017,13.30,8.84,4702.00,13894.00,15380.00,22.90,72.52,Altria Group
865,2018,13.38,6.30,8153.00,25746.00,14789.00,14.10,46.11,Altria Group
866,2019,0.00,14.76,7591.00,28042.00,6319.00,(2.48),(12.32),Altria Group
867,2020,17.15,26.04,8154.00,29471.00,2925.00,9.22,96.47,Altria Group
868,2021,35.63,0.00,8236.00,28044.00,(1606.00),5.67,373.62,Altria Group
869,2022,14.27,0.00,–,26680.00,(3973.00),15.07,(206.63),Altria Group
870,2013,41.72,3.51,1602.00,–,7390.00,9.97,12.21,PayPal
871,2014,41.72,3.51,1728.00,–,8248.00,2.04,5.36,PayPal
872,2015,35.84,3.22,1850.00,–,13759.00,4.83,11.16,PayPal
873,2016,34.70,3.31,2489.00,–,14712.00,4.52,9.84,PayPal
874,2017,49.23,5.55,1864.00,1000.00,15994.00,4.86,11.69,PayPal
875,2018,48.33,6.47,4660.00,1998.00,15386.00,4.89,13.11,PayPal
876,2019,51.76,7.50,3384.00,5069.00,16929.00,5.20,15.22,PayPal
877,2020,65.42,13.69,5473.00,9083.00,20063.00,6.90,22.72,PayPal
878,2021,52.97,10.19,4894.00,9190.00,21727.00,5.70,19.95,PayPal
879,2022,35.35,4.25,5112.00,10986.00,20274.00,3.13,11.52,PayPal
880,2013,13.98,2.64,1763.20,1860.90,6189.50,4.95,19.11,Progressive
881,2014,12.50,2.30,1623.40,2164.70,6928.60,5.10,19.53,Progressive
882,2015,14.79,2.55,2172.80,2707.90,7289.40,4.56,17.83,Progressive
883,2016,20.07,2.60,2523.90,3148.20,7957.10,3.26,13.52,Progressive
884,2017,20.35,3.46,3616.40,3306.30,9284.80,4.41,18.47,Progressive
885,2018,13.56,3.40,6028.20,4404.90,10821.80,6.08,26.45,Progressive
886,2019,10.72,3.21,5951.40,4407.10,13673.20,7.77,33.55,Progressive
887,2020,10.19,3.50,6704.00,5396.10,17038.60,9.54,38.20,Progressive
888,2021,18.04,3.38,7584.40,4898.80,18231.60,4.92,19.39,Progressive
889,2022,91.01,5.33,–,6388.30,15891.00,0.95,0.00,Progressive
890,2013,63.57,13.81,432.27,504.57,1952.08,16.45,25.88,Regeneron Pharmaceuticals
891,2014,118.57,16.19,419.43,457.71,2550.25,9.96,15.02,Regeneron Pharmaceuticals
892,2015,88.13,15.31,652.85,362.92,3654.84,13.47,20.50,Regeneron Pharmaceuticals
893,2016,45.15,8.94,974.00,478.57,4449.24,14.23,22.10,Regeneron Pharmaceuticals
894,2017,33.92,6.62,1034.50,703.50,6144.10,15.23,22.63,Regeneron Pharmaceuticals
895,2018,16.50,4.60,1812.00,708.50,8757.30,23.85,32.81,Regeneron Pharmaceuticals
896,2019,19.38,3.70,2000.40,713.90,11089.70,15.94,21.32,Regeneron Pharmaceuticals
897,2020,14.75,4.71,2003.50,2695.70,11025.30,21.98,31.77,Regeneron Pharmaceuticals
898,2021,8.40,3.57,6529.40,2700.00,18768.80,37.91,54.21,Regeneron Pharmaceuticals
899,2022,18.84,3.40,3398.00,2701.40,22664.00,15.88,20.94,Regeneron Pharmaceuticals
900,2013,22.46,4.30,775.40,–,3501.40,16.76,18.95,Intuitive Surgical
901,2014,46.24,5.78,559.50,–,3379.40,10.59,12.17,Intuitive Surgical
902,2015,34.43,4.69,725.20,–,4319.50,13.28,15.30,Intuitive Surgical
903,2016,33.51,4.25,1033.10,–,5777.80,12.96,14.62,Intuitive Surgical
904,2017,63.45,8.77,953.20,–,4780.40,10.94,12.71,Intuitive Surgical
905,2018,48.23,8.14,982.20,–,6687.50,16.56,19.67,Intuitive Surgical
906,2019,49.43,8.23,1172.60,77.00,8284.70,15.69,18.42,Intuitive Surgical
907,2020,90.30,9.81,1143.30,80.00,9759.10,10.15,11.76,Intuitive Surgical
908,2021,75.06,10.71,1749.90,87.00,11951.50,13.79,15.70,Intuitive Surgical
909,2022,71.41,8.50,958.40,94.00,11112.60,9.97,11.47,Intuitive Surgical
910,2013,19.58,3.33,945.00,2621.00,7975.00,8.16,18.61,Marsh & McLennan Companies
911,2014,21.36,4.37,1754.00,3368.00,7133.00,8.43,19.39,Marsh & McLennan Companies
912,2015,18.48,4.46,1565.00,4402.00,6602.00,8.88,23.28,Marsh & McLennan Companies
913,2016,19.90,5.62,1758.00,4807.00,6272.00,9.71,27.47,Marsh & McLennan Companies
914,2017,27.63,5.54,1599.00,5487.00,7442.00,7.73,21.76,Marsh & McLennan Companies
915,2018,24.46,5.32,2117.00,5824.00,7584.00,7.86,21.96,Marsh & McLennan Companies
916,2019,32.29,7.10,1940.00,12298.00,7943.00,6.58,22.44,Marsh & McLennan Companies
917,2020,29.40,6.39,3034.00,11655.00,9260.00,6.26,23.44,Marsh & McLennan Companies
918,2021,28.08,7.85,3110.00,11282.00,11222.00,9.32,30.69,Marsh & McLennan Companies
919,2022,27.21,7.71,2995.00,11227.00,10749.00,8.99,27.76,Marsh & McLennan Companies
920,2013,–,–,–,–,–,–,–,Airbnb
921,2014,–,–,–,–,–,–,–,Airbnb
922,2015,–,–,–,–,–,–,–,Airbnb
923,2016,–,–,–,–,–,–,–,Airbnb
924,2017,0.00,0.00,151.02,–,0.00,(2.12),0.00,Airbnb
925,2018,0.00,0.00,504.93,3232.00,(517.31),(0.51),2.54,Airbnb
926,2019,0.00,0.00,97.28,3651.00,(807.68),(9.04),101.79,Airbnb
927,2020,0.00,17.49,(777.00),1882.56,2901.78,(48.77),(437.90),Airbnb
928,2021,0.00,21.48,2288.00,2046.00,4775.00,(2.91),(9.17),Airbnb
929,2022,28.68,9.73,3405.00,2046.00,5560.00,12.73,36.63,Airbnb
930,2013,32.37,16.99,506.00,3657.00,962.00,7.86,20.15,Zoetis
931,2014,37.09,16.13,440.00,3631.00,1337.00,8.87,50.72,Zoetis
932,2015,70.47,21.95,442.00,4868.00,1091.00,4.68,27.92,Zoetis
933,2016,32.48,17.72,587.00,4468.00,1499.00,10.55,63.40,Zoetis
934,2017,40.78,19.69,1159.00,4953.00,1786.00,10.64,52.60,Zoetis
935,2018,29.00,18.91,1508.00,6452.00,2185.00,14.75,71.92,Zoetis
936,2019,42.15,23.37,1356.00,6447.00,2708.00,13.44,61.31,Zoetis
937,2020,48.11,20.86,1694.00,7199.00,3773.00,13.02,50.55,Zoetis
938,2021,56.75,25.47,1738.00,6633.00,4544.00,14.81,48.98,Zoetis
939,2022,33.38,15.64,1327.00,7904.00,4403.00,14.67,47.26,Zoetis
940,2013,17.70,3.01,6353.00,12212.00,39635.00,10.47,18.07,Schlumberger
941,2014,20.38,2.91,6898.00,11809.00,38049.00,8.12,14.00,Schlumberger
942,2015,43.06,2.46,5909.00,17453.00,35905.00,3.07,5.60,Schlumberger
943,2016,0.00,2.77,3576.00,19616.00,41529.00,(2.31),(4.36),Schlumberger
944,2017,0.00,2.59,3280.00,18199.00,37261.00,(2.01),(3.82),Schlumberger
945,2018,23.43,1.37,3453.00,16051.00,36162.00,3.00,5.82,Schlumberger
946,2019,0.00,2.30,3476.00,16705.00,23760.00,(15.99),(33.83),Schlumberger
947,2020,0.00,2.43,1727.00,17897.00,12071.00,(21.30),(58.71),Schlumberger
948,2021,22.52,2.74,3471.00,15195.00,15004.00,4.48,13.89,Schlumberger
949,2022,21.28,4.05,2125.00,12925.00,17685.00,8.13,21.05,Schlumberger
950,2013,13.22,2.40,3045.00,17648.00,16558.00,6.33,18.52,Target
951,2014,18.27,2.22,4704.00,12572.00,16231.00,4.25,12.02,Target
952,2015,0.00,3.37,2774.00,12725.00,13997.00,(3.82),(10.82),Target
953,2016,13.54,3.53,4548.00,12760.00,12957.00,8.26,24.95,Target
954,2017,13.55,3.40,3943.00,12749.00,10953.00,7.04,22.87,Target
955,2018,14.03,3.53,4433.00,11398.00,11651.00,7.50,25.78,Target
956,2019,13.13,3.42,2542.00,11275.00,11297.00,7.20,25.60,Target
957,2020,17.28,4.78,4153.00,11499.00,11833.00,7.81,28.37,Target
958,2021,21.03,6.36,7918.00,12680.00,14440.00,9.29,33.25,Target
959,2022,15.53,8.39,5108.00,13720.00,12827.00,13.22,50.95,Target
960,2013,18.35,1.18,856.00,40256.00,41408.00,2.33,6.47,Duke Energy
961,2014,31.41,1.44,1202.00,39868.00,40899.00,1.60,4.58,Duke Energy
962,2015,17.67,1.25,(66.00),38868.00,39771.00,2.33,6.98,Duke Energy
963,2016,24.83,1.31,(1038.00),47895.00,41041.00,1.70,5.33,Duke Energy
964,2017,19.09,1.40,(1428.00),52279.00,41737.00,2.26,7.39,Duke Energy
965,2018,23.01,1.39,(2203.00),54529.00,43834.00,1.88,6.23,Duke Energy
966,2019,17.99,1.45,(2913.00),58126.00,47951.00,2.44,8.25,Duke Energy
967,2020,52.92,1.43,(1051.00),59863.00,49184.00,0.79,2.73,Duke Energy
968,2021,21.19,1.64,(1425.00),63835.00,51136.00,2.29,7.89,Duke Energy
969,2022,31.14,1.60,5927.00,71215.00,51986.00,1.47,5.17,Duke Energy
970,2013,0.00,12.32,(112.06),489.69,1356.40,(17.53),(34.87),Vertex Pharmaceuticals
971,2014,0.00,25.50,(624.31),807.14,1096.18,(31.74),(60.23),Vertex Pharmaceuticals
972,2015,0.00,27.76,(410.73),810.69,1093.63,(23.02),(50.81),Vertex Pharmaceuticals
973,2016,0.00,13.69,179.54,821.34,1338.19,(4.15),(9.22),Vertex Pharmaceuticals
974,2017,142.91,18.63,745.52,606.90,2042.31,8.18,15.59,Vertex Pharmaceuticals
975,2018,20.11,9.50,1174.84,591.55,4435.20,42.83,64.74,Vertex Pharmaceuticals
976,2019,47.91,9.24,1493.90,588.58,6085.24,16.16,22.37,Vertex Pharmaceuticals
977,2020,22.68,7.07,2993.70,592.00,8686.80,27.02,36.71,Vertex Pharmaceuticals
978,2021,24.13,5.60,2408.50,589.80,10100.00,18.60,24.93,Vertex Pharmaceuticals
979,2022,22.04,5.27,3925.20,430.80,13912.70,21.04,27.67,Vertex Pharmaceuticals
980,2013,13.42,2.01,11446.00,20049.00,41807.00,1.55,15.31,U.S. Bancorp
981,2014,14.55,2.06,5332.00,32260.00,44168.00,1.46,14.60,U.S. Bancorp
982,2015,13.42,1.82,8782.00,32078.00,46817.00,1.36,13.89,U.S. Bancorp
983,2016,15.79,2.08,5336.00,52747.00,47933.00,1.29,13.35,U.S. Bancorp
984,2017,15.31,2.05,6472.00,48910.00,49666.00,1.30,13.64,U.S. Bancorp
985,2018,11.01,1.64,10564.00,63559.00,51657.00,1.46,15.09,U.S. Bancorp
986,2019,14.22,2.02,4889.00,67958.00,52483.00,1.37,14.28,U.S. Bancorp
987,2020,15.18,1.47,3716.00,60619.00,53725.00,0.88,9.81,U.S. Bancorp
988,2021,10.99,1.71,9870.00,48399.00,55387.00,1.35,15.72,U.S. Bancorp
989,2022,12.03,1.51,–,39829.00,51232.00,0.88,11.77,U.S. Bancorp
