year,company_name,PE ratio,PB Ratio,FCF,Total Debt,Sh Equity,ROA,ROE
2013,Apple,11.95,3.57,44590.00,16960.00,123549.00,19.34,30.64
2014,Apple,15.56,5.50,49900.00,35295.00,111547.00,18.01,33.61
2015,Apple,11.93,5.32,69778.00,64328.00,119355.00,20.45,46.25
2016,Apple,13.59,4.82,53200.00,87032.00,128249.00,14.93,36.90
2017,Apple,16.63,5.99,51774.00,115680.00,134047.00,13.87,36.87
2018,Apple,18.99,10.51,64121.00,114483.00,107147.00,16.07,49.36
2019,Apple,18.76,11.43,58896.00,108047.00,90488.00,15.69,55.92
2020,Apple,35.12,30.76,73365.00,112436.00,65339.00,17.33,73.69
2021,Apple,24.96,37.46,92953.00,124719.00,63090.00,28.06,147.44
2022,Apple,22.51,44.23,111443.00,120069.00,50672.00,28.36,175.46
2013,Microsoft,13.22,3.65,24576.00,15600.00,78944.00,16.58,30.09
2014,Microsoft,15.68,3.85,27017.00,22645.00,89784.00,14.02,26.17
2015,Microsoft,30.03,4.51,23724.00,35292.00,80083.00,7.03,14.36
2016,Microsoft,24.48,5.63,24982.00,53461.00,71997.00,11.16,27.01
2017,Microsoft,25.25,6.09,31378.00,86194.00,87711.00,11.49,31.92
2018,Microsoft,46.73,9.31,32252.00,87508.00,82718.00,6.51,19.45
2019,Microsoft,26.55,10.17,38260.00,86455.00,102330.00,14.39,42.41
2020,Microsoft,34.97,13.09,45234.00,82110.00,118304.00,15.06,40.14
2021,Microsoft,33.32,14.40,56118.00,82278.00,141988.00,19.30,47.08
2022,Microsoft,26.48,11.56,65149.00,78400.00,166542.00,20.82,47.15
2013,Alphabet Google,14.41,4.26,11301.00,2236.00,87309.00,12.44,16.01
2014,Alphabet Google,24.65,3.42,12065.00,3228.00,103860.00,11.77,14.79
2015,Alphabet Google,32.68,4.32,16657.00,1995.00,120331.00,11.44,14.12
2016,Alphabet Google,27.86,3.89,26064.00,3935.00,139036.00,12.37,15.02
2017,Alphabet Google,58.45,4.84,23907.00,3969.00,152502.00,6.94,8.69
2018,Alphabet Google,23.42,4.05,22832.00,4012.00,177628.00,14.29,18.62
2019,Alphabet Google,26.96,4.60,30972.00,5753.00,201442.00,13.50,18.12
2020,Alphabet Google,29.56,5.36,42843.00,16726.00,222544.00,13.52,19.00
2021,Alphabet Google,25.40,7.68,67012.00,17119.00,251635.00,22.40,32.07
2022,Alphabet Google,19.52,4.57,60010.00,14701.00,256144.00,16.55,23.62
2013,Amazon,675.93,18.70,2031.00,3191.00,9746.00,0.75,3.05
2014,Amazon,0.00,13.35,1949.00,8265.00,10741.00,0.51,2.35
2015,Amazon,527.97,23.58,7450.00,8227.00,13384.00,1.00,4.94
2016,Amazon,150.72,18.52,10466.00,12891.00,19285.00,3.20,14.52
2017,Amazon,188.43,20.60,8307.00,30925.00,27709.00,2.83,12.91
2018,Amazon,72.70,16.80,19400.00,32997.00,43549.00,6.85,28.27
2019,Amazon,78.80,14.71,25825.00,37744.00,62060.00,5.97,21.95
2020,Amazon,76.46,17.44,31020.00,47931.00,93404.00,7.81,27.44
2021,Amazon,50.57,12.20,9069.00,64667.00,138245.00,9.00,28.81
2022,Amazon,0.00,5.99,11569.00,67150.00,146043.00,0.62,1.91
2013,Tesla,0.00,26.93,0.58,598.97,667.12,4.19,18.69
2014,Tesla,0.00,30.39,1027.22,2488.08,911.71,7.13,37.25
2015,Tesla,0.00,28.39,2159.35,2696.30,1083.70,12.79,89.07
2016,Tesla,0.00,5.65,1404.63,7029.27,5538.09,4.39,20.38
2017,Tesla,0.00,10.17,3476.00,10314.94,5234.59,7.65,36.43
2018,Tesla,0.00,9.86,3.00,13827.00,4923.00,3.34,19.22
2019,Tesla,0.00,9.94,1073.00,14697.00,6618.00,2.69,14.94
2020,Tesla,966.79,28.52,2776.00,13347.00,22225.00,1.60,4.78
2021,Tesla,190.42,33.61,3787.00,8873.00,30189.00,9.67,21.08
2022,Tesla,26.87,7.44,8493.00,5748.00,44704.00,17.42,33.60
2013,NVIDIA,20.96,2.07,605.00,1373.88,4456.40,6.44,9.48
2014,NVIDIA,17.23,2.45,805.00,1398.00,4418.00,8.73,14.22
2015,NVIDIA,26.18,3.56,1096.00,1510.00,4469.00,8.43,13.82
2016,NVIDIA,36.16,10.25,1503.00,2810.00,5762.00,19.36,32.57
2017,NVIDIA,48.48,19.71,2911.00,2000.00,7471.00,28.91,46.05
2018,NVIDIA,21.11,9.36,3143.00,1988.00,9342.00,33.76,49.26
2019,NVIDIA,51.62,11.81,4272.00,2082.00,12204.00,18.27,25.95
2020,NVIDIA,75.53,19.33,4694.00,7084.00,16893.00,18.79,29.78
2021,NVIDIA,63.27,23.04,8132.00,10946.00,26612.00,26.73,44.83
2022,NVIDIA,83.14,22.55,3808.00,9703.00,22101.00,10.23,0.00
2013,UnitedHealth,13.69,2.36,5684.00,14891.00,32149.00,6.91,17.76
2014,UnitedHealth,17.74,3.03,6526.00,16007.00,32454.00,6.68,17.40
2015,UnitedHealth,19.57,3.32,8184.00,25331.00,33725.00,5.88,17.57
2016,UnitedHealth,21.61,4.03,8090.00,25777.00,38177.00,6.00,19.52
2017,UnitedHealth,20.65,4.28,11573.00,28835.00,49833.00,8.06,23.99
2018,UnitedHealth,20.44,4.42,13650.00,38457.00,51696.00,8.17,23.61
2019,UnitedHealth,20.52,4.63,16392.00,39963.00,57616.00,8.36,25.32
2020,UnitedHealth,21.88,4.87,20123.00,43095.00,65491.00,8.16,25.02
2021,UnitedHealth,27.77,6.31,19889.00,45786.00,71760.00,8.30,25.19
2022,UnitedHealth,24.48,5.95,23404.00,54513.00,81450.00,8.72,26.26
2013,Exxon Mobil,13.73,2.48,11245.00,6891.00,180495.00,9.57,18.50
2014,Exxon Mobil,12.16,2.19,12164.00,11653.00,181064.00,9.34,17.99
2015,Exxon Mobil,20.25,1.85,3854.00,19925.00,176810.00,4.71,9.03
2016,Exxon Mobil,48.35,2.18,5919.00,42762.00,173830.00,2.35,4.47
2017,Exxon Mobil,18.37,1.86,14664.00,42336.00,194500.00,5.81,10.70
2018,Exxon Mobil,13.97,1.47,16440.00,37796.00,198528.00,6.00,10.60
2019,Exxon Mobil,20.77,1.50,5355.00,48146.00,198938.00,4.05,7.22
2020,Exxon Mobil,0.00,1.07,1615.00,68812.00,164130.00,6.45,12.36
2021,Exxon Mobil,11.35,1.49,39229.00,49075.00,175683.00,6.86,13.56
2022,Exxon Mobil,8.03,2.17,63637.00,41193.00,202473.00,15.75,29.48
2013,JPMorgan Chase,13.41,1.11,107953.00,295883.00,211178.00,0.69,8.38
2014,JPMorgan Chase,11.74,1.11,36593.00,306601.00,231727.00,0.81,9.75
2015,JPMorgan Chase,10.90,1.12,73466.00,309756.00,247573.00,0.92,10.46
2016,JPMorgan Chase,13.96,1.40,21884.00,495354.00,254190.00,0.94,10.16
2017,JPMorgan Chase,17.03,1.67,10827.00,494798.00,255693.00,0.90,9.86
2018,JPMorgan Chase,10.81,1.44,15614.00,533627.00,256515.00,1.19,13.35
2019,JPMorgan Chase,12.97,1.92,4092.00,555980.00,261330.00,1.30,14.91
2020,JPMorgan Chase,14.26,1.57,79910.00,542102.00,279354.00,0.90,11.34
2021,JPMorgan Chase,10.30,1.85,78084.00,573287.00,294127.00,1.30,18.29
2022,JPMorgan Chase,11.15,1.51,107119.00,542505.00,292332.00,0.97,13.69
2013,Johnson & Johnson,19.00,3.47,14277.00,13328.00,74053.00,10.89,19.92
2014,Johnson & Johnson,18.35,4.22,19627.00,15122.00,69752.00,12.41,22.70
2015,Johnson & Johnson,18.71,3.98,19570.00,12857.00,71150.00,11.68,0.00
2016,Johnson & Johnson,19.70,4.36,16808.00,27126.00,70418.00,12.05,23.60
2017,Johnson & Johnson,357.00,6.23,19609.00,34581.00,60160.00,0.87,1.99
2018,Johnson & Johnson,23.00,5.79,21734.00,30480.00,59752.00,9.86,25.51
2019,Johnson & Johnson,21.51,6.49,23183.00,27965.00,59471.00,9.73,25.36
2020,Johnson & Johnson,28.56,6.55,20494.00,35266.00,63278.00,8.85,23.97
2021,Johnson & Johnson,21.90,6.08,20469.00,33751.00,74023.00,11.70,30.41
2022,Johnson & Johnson,26.44,6.06,17728.00,26888.00,76804.00,9.71,23.79
2013,Walmart,15.21,3.00,10869.00,56332.00,81339.00,7.86,19.65
2014,Walmart,16.91,3.22,16960.00,49878.00,85937.00,8.02,19.56
2015,Walmart,14.74,2.59,16710.00,49483.00,83611.00,7.29,17.33
2016,Walmart,15.17,2.57,21510.00,45373.00,80535.00,6.85,16.62
2017,Walmart,32.40,3.95,18664.00,45820.00,80822.00,4.89,12.22
2018,Walmart,42.03,3.52,17928.00,57304.00,79634.00,3.15,8.31
2019,Walmart,21.89,4.00,14871.00,53958.00,81552.00,6.53,18.46
2020,Walmart,29.20,4.50,26025.00,48380.00,87531.00,5.53,15.98
2021,Walmart,28.53,4.25,11469.00,42320.00,91891.00,5.50,15.24
2022,Walmart,44.13,4.63,12414.00,52040.00,83754.00,4.78,13.30
2013,Procter & Gamble,19.31,3.28,11449.00,31543.00,68709.00,8.15,16.97
2014,Procter & Gamble,18.98,3.10,10687.00,35417.00,69976.00,8.03,16.70
2015,Procter & Gamble,31.30,3.87,15370.00,30345.00,63050.00,4.95,10.36
2016,Procter & Gamble,22.28,4.01,12553.00,30598.00,57983.00,7.99,17.24
2017,Procter & Gamble,15.03,4.13,9940.00,31592.00,55778.00,12.18,26.99
2018,Procter & Gamble,20.83,3.81,11419.00,31286.00,52293.00,7.95,17.88
2019,Procter & Gamble,75.68,5.93,12289.00,30092.00,47194.00,3.11,7.45
2020,Procter & Gamble,23.31,6.47,14360.00,35611.00,46521.00,10.83,27.78
2021,Procter & Gamble,23.76,7.27,15626.00,32838.00,46378.00,11.70,30.80
2022,Procter & Gamble,24.17,7.53,13677.00,32293.00,46589.00,12.23,31.69
2013,Eli Lilly,11.83,3.12,4878.20,4200.30,17640.70,13.45,28.91
2014,Eli Lilly,30.94,4.80,3002.80,5332.80,15388.10,6.68,14.48
2015,Eli Lilly,37.28,6.13,2401.00,7972.40,14590.30,6.70,16.07
2016,Eli Lilly,28.91,5.61,3887.40,10304.80,14080.50,7.36,19.10
2017,Eli Lilly,0.00,7.64,4538.80,13647.50,11667.90,0.49,1.59
2018,Eli Lilly,36.97,10.90,4313.90,10298.00,9829.00,7.09,29.32
2019,Eli Lilly,14.97,45.34,3802.70,15926.00,2607.00,11.15,74.59
2020,Eli Lilly,24.83,26.31,5111.70,16596.00,5642.00,14.42,150.18
2021,Eli Lilly,44.99,27.40,5950.90,16884.00,8979.00,11.70,76.36
2022,Eli Lilly,52.90,32.35,5230.10,14737.50,10775.40,12.71,63.23
2013,Home Depot,20.33,8.75,6327.00,14724.00,12522.00,13.20,35.55
2014,Home Depot,21.99,14.99,6848.00,17197.00,9322.00,15.77,58.09
2015,Home Depot,23.04,25.58,7913.00,21216.00,6316.00,17.11,89.64
2016,Home Depot,21.20,39.02,8200.00,23601.00,4333.00,18.74,149.44
2017,Home Depot,27.45,162.76,10181.00,27028.00,1454.00,19.73,298.25
2018,Home Depot,18.77,0.00,10723.00,29202.00,1878.00,25.12,5245.75
2019,Home Depot,22.17,0.00,11009.00,31483.00,3116.00,23.61,450.22
2020,Home Depot,22.52,87.92,16376.00,37238.00,3299.00,21.12,14061.20
2021,Home Depot,23.55,0.00,14005.00,40086.00,1696.00,23.07,2050.28
2022,Home Depot,18.51,253.49,11496.00,43193.00,1562.00,23.06,0.00
2013,Bank of America,14.83,0.76,92817.00,249674.00,232685.00,0.47,4.61
2014,Bank of America,45.87,0.84,30795.00,243139.00,243471.00,0.21,2.02
2015,Bank of America,11.69,0.75,28397.00,236764.00,256176.00,0.68,6.30
2016,Bank of America,15.54,0.96,17277.00,411058.00,266195.00,0.75,6.80
2017,Bank of America,18.46,1.25,9864.00,436933.00,267146.00,0.74,6.84
2018,Bank of America,9.30,1.02,39520.00,436569.00,265325.00,1.15,10.94
2019,Bank of America,12.67,1.37,61777.00,440262.00,264810.00,1.08,10.73
2020,Bank of America,16.04,1.07,37993.00,463052.00,272924.00,0.62,6.73
2021,Bank of America,12.39,1.54,7193.00,507057.00,270066.00,1.02,12.38
2022,Bank of America,10.47,1.11,6327.00,498549.00,273197.00,0.83,10.61
2013,AbbVie,20.63,18.68,5776.00,14723.00,4492.00,14.69,105.11
2014,AbbVie,60.04,59.92,2937.00,14977.00,1742.00,6.26,56.91
2015,AbbVie,18.99,24.40,7003.00,31671.00,3945.00,12.77,180.90
2016,AbbVie,17.19,21.84,6562.00,36842.00,4636.00,9.99,138.75
2017,AbbVie,29.91,30.81,9431.00,37368.00,5097.00,7.76,109.09
2018,AbbVie,25.75,0.00,12789.00,40310.00,8446.00,8.74,339.62
2019,AbbVie,16.77,0.00,12772.00,66728.00,8172.00,10.62,94.86
2020,AbbVie,37.47,13.64,16790.00,86056.00,13097.00,3.85,187.45
2021,AbbVie,20.99,15.53,21990.00,76684.00,15436.00,7.77,80.90
2022,AbbVie,24.57,17.94,24248.00,63271.00,17287.00,8.30,72.34
2013,Coca-Cola,21.40,5.48,8103.00,20178.00,33440.00,9.74,25.77
2014,Coca-Cola,26.39,6.06,8432.00,22615.00,30561.00,7.80,22.18
2015,Coca-Cola,25.72,7.26,8060.00,30987.00,25764.00,8.08,26.10
2016,Coca-Cola,27.87,7.77,6680.00,33211.00,23220.00,7.36,26.65
2017,Coca-Cola,162.64,10.25,5399.00,34480.00,18977.00,1.42,5.92
2018,Coca-Cola,31.57,10.58,6327.00,30379.00,19058.00,7.52,33.83
2019,Coca-Cola,26.48,11.22,9395.00,31769.00,21098.00,10.52,44.43
2020,Coca-Cola,30.47,11.07,8856.00,40610.00,21284.00,8.92,36.56
2021,Coca-Cola,26.20,10.28,11366.00,39454.00,24860.00,10.76,42.35
2022,Coca-Cola,28.61,10.54,9609.00,36776.00,25826.00,10.20,37.65
2013,Pepsico,19.11,5.21,7002.00,24333.00,24389.00,8.86,28.66
2014,Pepsico,21.99,8.07,7762.00,23821.00,17548.00,8.79,30.81
2015,Pepsico,27.15,12.06,8192.00,29213.00,12030.00,7.78,36.51
2016,Pepsico,23.95,13.27,7722.00,36945.00,11199.00,8.84,53.81
2017,Pepsico,34.93,15.11,7241.00,39281.00,10981.00,6.34,43.20
2018,Pepsico,12.54,10.71,6267.00,32321.00,14518.00,15.89,97.55
2019,Pepsico,26.33,12.86,5587.00,33628.00,14786.00,9.37,49.92
2020,Pepsico,25.53,15.16,6428.00,45843.00,13454.00,8.30,50.42
2021,Pepsico,29.64,14.97,7157.00,42378.00,16043.00,8.22,51.65
2022,Pepsico,33.79,14.41,5855.00,41487.00,17149.00,9.66,53.69
2013,Oracle,14.69,3.57,13574.00,18494.00,45145.00,13.64,24.49
2014,Oracle,17.34,4.01,14341.00,22589.00,47447.00,12.73,23.66
2015,Oracle,19.38,3.93,13189.00,39959.00,49098.00,9.88,20.59
2016,Oracle,19.05,3.55,12496.00,43855.00,47790.00,7.98,18.37
2017,Oracle,20.00,3.44,12105.00,57909.00,54246.00,7.65,18.53
2018,Oracle,50.24,4.11,13650.00,60619.00,46873.00,2.63,7.09
2019,Oracle,16.38,8.22,12891.00,56167.00,22363.00,8.99,32.02
2020,Oracle,16.74,13.40,11575.00,72172.00,12717.00,9.04,57.78
2021,Oracle,16.93,39.37,13752.00,84909.00,5952.00,11.15,147.26
2022,Oracle,28.77,0.00,5028.00,76586.00,5768.00,5.59,7301.09
2013,Costco,23.93,4.43,1354.00,4998.00,11012.00,7.10,17.33
2014,Costco,25.92,4.26,1991.00,5093.00,12515.00,6.50,17.49
2015,Costco,25.89,5.68,1892.00,6135.00,10843.00,7.20,20.35
2016,Costco,30.24,5.76,643.00,5161.00,12332.00,7.10,20.28
2017,Costco,25.70,6.20,4224.00,6666.00,11079.00,7.71,22.89
2018,Costco,32.61,7.80,2805.00,6577.00,13103.00,8.12,25.92
2019,Costco,35.10,8.24,3358.00,6823.00,15584.00,8.49,25.51
2020,Costco,38.42,8.22,6051.00,7609.00,18705.00,7.93,23.34
2021,Costco,39.89,11.16,5370.00,7491.00,18078.00,8.72,27.22
2022,Costco,39.46,11.22,3501.00,6557.00,20647.00,9.47,30.18
2013,Thermo Fisher Scientific,31.45,2.38,1749.00,9499.60,16856.10,4.29,7.88
2014,Thermo Fisher Scientific,26.32,2.43,2241.30,12351.60,20548.10,5.07,10.13
2015,Thermo Fisher Scientific,28.66,2.65,2537.00,11420.20,21350.20,4.72,9.43
2016,Thermo Fisher Scientific,28.01,2.63,2840.00,16628.00,21540.00,4.66,9.43
2017,Thermo Fisher Scientific,34.16,3.00,3504.00,21008.00,25413.00,4.34,9.48
2018,Thermo Fisher Scientific,30.66,3.26,3835.00,18990.00,27586.00,5.20,11.09
2019,Thermo Fisher Scientific,35.16,4.38,4083.00,17919.00,29675.00,6.45,12.91
2020,Thermo Fisher Scientific,28.95,5.34,6823.00,21919.00,34517.00,10.01,19.86
2021,Thermo Fisher Scientific,34.03,6.43,6809.00,35136.00,40855.00,9.41,20.50
2022,Thermo Fisher Scientific,31.15,4.91,6935.00,34488.00,44032.00,7.22,16.37
2013,Cisco,13.68,2.31,11875.00,12928.00,59128.00,10.35,18.08
2014,Cisco,16.82,2.33,11289.00,20337.00,56661.00,7.61,13.56
2015,Cisco,16.06,2.43,11347.00,21457.00,59707.00,8.22,15.44
2016,Cisco,14.43,2.44,12465.00,28643.00,63585.00,9.14,17.42
2017,Cisco,16.38,2.38,12919.00,33717.00,66137.00,7.64,14.81
2018,Cisco,604.14,4.73,12891.00,25569.00,43204.00,0.09,0.20
2019,Cisco,21.06,7.29,14944.00,24666.00,33571.00,11.25,30.27
2020,Cisco,17.77,5.26,14835.00,14924.00,37920.00,11.64,31.37
2021,Cisco,22.18,5.67,14790.00,11863.00,41275.00,11.01,26.75
2022,Cisco,16.00,4.75,12840.00,9837.00,39773.00,12.34,29.15
2013,McDonald,17.45,6.05,4296.00,14129.80,16009.70,15.51,35.69
2014,McDonald,19.40,7.15,4233.70,14935.70,12853.40,13.43,32.97
2015,McDonald,24.56,15.66,4938.30,24122.10,7087.90,12.55,45.43
2016,McDonald,22.07,0.00,4321.40,25955.70,2204.30,13.59,191.93
2017,McDonald,27.24,0.00,3864.30,29536.40,3268.00,16.02,189.77
2018,McDonald,23.55,0.00,4385.40,31075.30,6258.40,17.79,124.37
2019,McDonald,25.08,0.00,5879.60,34177.20,8210.30,15.00,83.28
2020,McDonald,34.01,0.00,4651.80,37440.40,7824.90,9.45,59.01
2021,McDonald,26.70,0.00,7207.70,36328.70,4601.00,14.17,121.44
2022,McDonald,31.66,0.00,5487.50,35903.50,6003.40,11.85,116.50
2013,Walt Disney,18.86,2.39,6656.00,14288.00,48150.00,7.86,13.62
2014,Walt Disney,20.66,3.17,6469.00,14795.00,48178.00,9.07,15.57
2015,Walt Disney,20.69,3.56,7120.00,17336.00,48655.00,9.73,17.31
2016,Walt Disney,16.15,3.20,8363.00,20170.00,47323.00,10.42,19.57
2017,Walt Disney,17.46,3.48,8720.00,25291.00,45004.00,9.56,19.45
2018,Walt Disney,13.84,3.30,9830.00,20874.00,52832.00,12.96,25.75
2019,Walt Disney,18.64,2.30,1108.00,46986.00,93889.00,7.56,15.07
2020,Walt Disney,0.00,2.54,3594.00,58628.00,88263.00,1.45,3.14
2021,Walt Disney,153.79,3.30,1988.00,54406.00,93011.00,0.98,2.20
2022,Walt Disney,54.53,1.74,1059.00,48369.00,98879.00,1.54,3.28
2013,Nike,22.22,4.99,2448.00,1267.00,11081.00,14.98,23.04
2014,Nike,25.07,6.26,2136.00,1206.00,10824.00,14.90,24.59
2015,Nike,26.78,6.90,3720.00,1186.00,12707.00,16.29,27.82
2016,Nike,24.99,7.65,2266.00,2037.00,12258.00,17.50,30.12
2017,Nike,20.70,7.08,2754.00,3477.00,12407.00,19.00,34.38
2018,Nike,60.34,11.88,3927.00,3474.00,9812.00,8.44,17.40
2019,Nike,30.13,13.48,4784.00,3470.00,9040.00,17.42,42.74
2020,Nike,61.83,19.26,1399.00,9409.00,8055.00,9.22,29.70
2021,Nike,36.85,16.57,5962.00,9882.00,12767.00,16.58,55.01
2022,Nike,31.19,12.28,4430.00,9420.00,15281.00,15.49,43.11
2013,Danaher,15.09,1.82,3047.20,3436.70,22451.40,7.97,12.98
2014,Danaher,17.56,1.95,3293.00,3401.50,23449.80,7.25,11.32
2015,Danaher,14.58,2.07,3349.30,12025.20,23764.00,7.88,14.22
2016,Danaher,21.29,2.36,2942.00,12269.20,23076.80,5.46,10.90
2017,Danaher,25.82,2.44,2939.60,10522.40,26367.80,5.42,10.08
2018,Danaher,27.28,2.56,3444.00,9741.00,28214.00,5.61,9.71
2019,Danaher,37.43,3.83,3329.00,22526.00,30271.00,5.35,10.34
2020,Danaher,44.70,4.30,5419.00,22178.00,39766.00,5.08,10.77
2021,Danaher,37.52,5.61,7077.00,23272.00,45167.00,7.87,15.99
2022,Danaher,26.79,3.95,7376.00,19677.00,50082.00,8.48,15.73
2013,Wells Fargo,11.49,1.55,58048.00,152998.00,171008.00,1.42,13.89
2014,Wells Fargo,13.15,1.73,17529.00,183943.00,185262.00,1.36,13.60
2015,Wells Fargo,12.91,1.63,15904.00,199536.00,193891.00,1.24,12.71
2016,Wells Fargo,13.90,1.61,1008.00,381403.00,200497.00,1.10,11.72
2017,Wells Fargo,14.86,1.66,18619.00,368102.00,208079.00,1.06,11.46
2018,Wells Fargo,10.31,1.27,36073.00,381378.00,197066.00,1.08,11.60
2019,Wells Fargo,13.25,1.42,6730.00,373355.00,187984.00,0.95,10.64
2020,Wells Fargo,73.61,0.76,2051.00,271949.00,185712.00,0.09,1.08
2021,Wells Fargo,9.58,1.15,11525.00,211817.00,190110.00,1.04,12.11
2022,Wells Fargo,13.14,0.98,27048.00,226015.00,181875.00,0.63,7.26
2013,T-Mobile US,0.00,1.59,861.00,22441.00,14245.00,0.08,0.34
2014,T-Mobile US,86.90,1.39,3071.00,24394.00,15663.00,0.46,1.65
2015,T-Mobile US,46.57,1.92,1245.00,28719.00,16557.00,1.14,4.21
2016,T-Mobile US,33.91,2.63,5891.00,30407.00,18236.00,2.19,8.08
2017,T-Mobile US,11.90,2.36,7234.00,30909.00,22559.00,6.57,21.97
2018,T-Mobile US,18.76,2.19,1769.00,30104.00,24718.00,4.04,12.22
2019,T-Mobile US,19.32,2.33,534.00,31795.00,28789.00,4.35,12.96
2020,T-Mobile US,47.99,2.36,3727.00,80528.00,65344.00,2.13,6.51
2021,T-Mobile US,47.93,2.09,7775.00,82999.00,69102.00,1.49,4.50
2022,T-Mobile US,67.17,2.49,520.00,72100.00,69656.00,1.24,3.73
2013,Abbott Laboratories,23.66,2.36,2179.00,3397.00,25267.00,4.68,9.89
2014,Abbott Laboratories,30.21,3.15,2598.00,3448.00,21639.00,5.43,9.74
2015,Abbott Laboratories,15.38,3.15,1856.00,5874.00,21326.00,10.73,20.59
2016,Abbott Laboratories,41.99,2.78,2082.00,20684.00,20717.00,2.98,6.66
2017,Abbott Laboratories,226.12,3.29,4435.00,27718.00,31098.00,0.74,1.84
2018,Abbott Laboratories,54.38,4.14,4906.00,19366.00,30722.00,3.30,7.66
2019,Abbott Laboratories,42.17,4.91,4498.00,17938.00,31301.00,5.46,11.89
2020,Abbott Laboratories,43.80,5.88,5724.00,18534.00,33003.00,6.40,13.98
2021,Abbott Laboratories,35.72,6.93,8648.00,18050.00,36024.00,9.57,20.49
2022,Abbott Laboratories,28.03,5.35,7804.00,16773.00,36905.00,9.27,19.01
2013,Verizon,12.25,1.48,23745.00,93591.00,95416.00,4.61,12.71
2014,Verizon,18.56,13.59,15453.00,113271.00,13676.00,3.80,17.65
2015,Verizon,10.55,10.58,11310.00,109729.00,17842.00,7.50,113.45
2016,Verizon,16.95,9.27,4096.00,108078.00,24032.00,5.38,62.70
2017,Verizon,7.25,4.89,6488.00,117095.00,44687.00,12.01,87.61
2018,Verizon,14.91,4.24,16252.00,113063.00,53145.00,5.95,31.74
2019,Verizon,13.18,4.04,16909.00,133143.00,61395.00,6.92,33.64
2020,Verizon,13.66,3.51,19680.00,150547.00,67842.00,5.85,27.55
2021,Verizon,9.75,2.64,28343.00,177930.00,81790.00,6.46,29.49
2022,Verizon,7.93,1.85,10401.00,176331.00,91144.00,5.70,24.58
2013,Salesforce,0.00,10.49,561.30,521.28,2317.63,5.58,13.85
2014,Salesforce,0.00,11.91,576.36,1874.09,3038.51,3.16,8.67
2015,Salesforce,0.00,8.99,890.99,1370.69,3975.18,2.65,7.49
2016,Salesforce,0.00,9.05,1387.61,1286.10,5002.87,0.40,1.06
2017,Salesforce,282.50,7.26,1698.00,2028.39,7500.13,2.13,5.17
2018,Salesforce,670.06,7.85,2204.00,1720.00,10376.00,1.82,4.03
2019,Salesforce,102.68,7.31,2803.00,3376.00,15605.00,4.21,8.54
2020,Salesforce,792.65,4.46,3688.00,3476.00,33885.00,0.29,0.51
2021,Salesforce,50.88,5.00,4091.00,3474.00,41493.00,6.71,10.80
2022,Salesforce,152.05,3.82,5283.00,11392.00,58131.00,1.79,2.90
2013,Comcast,20.30,2.67,4651.00,47847.00,51058.00,4.21,13.52
2014,Comcast,18.13,2.82,8360.00,48081.00,53068.00,5.27,16.10
2015,Comcast,17.42,2.60,9438.00,52621.00,53978.00,5.01,15.25
2016,Comcast,19.34,2.96,8554.00,61046.00,56174.00,5.00,15.76
2017,Comcast,8.61,2.78,9617.00,64556.00,69459.00,12.36,36.19
2018,Comcast,13.51,2.15,12128.00,111743.00,72502.00,5.34,16.53
2019,Comcast,15.89,2.44,12153.00,107383.00,83874.00,5.07,16.70
2020,Comcast,22.98,2.61,11146.00,108928.00,91738.00,3.92,12.00
2021,Comcast,16.61,2.37,16113.00,100020.00,97490.00,5.15,14.97
2022,Comcast,29.89,1.92,12316.00,99983.00,81627.00,2.01,6.00
2013,United Parcel Service,22.55,15.22,5343.00,10872.00,6488.00,11.65,77.93
2014,United Parcel Service,33.59,47.19,3451.00,10779.00,2158.00,8.46,70.14
2015,United Parcel Service,17.85,34.81,5077.00,14334.00,2491.00,13.14,208.39
2016,United Parcel Service,29.74,236.87,3596.00,16075.00,429.00,8.70,234.38
2017,United Parcel Service,21.97,105.19,3724.00,24289.00,1024.00,11.41,675.15
2018,United Parcel Service,17.67,27.81,6465.00,22736.00,3037.00,10.02,235.95
2019,United Parcel Service,22.91,30.81,2324.00,25238.00,3283.00,8.23,140.51
2020,United Parcel Service,102.06,218.24,5087.00,24654.00,669.00,2.23,67.97
2021,United Parcel Service,14.53,13.13,11685.00,21915.00,14269.00,19.56,172.58
2022,United Parcel Service,13.22,7.67,9347.00,19662.00,19803.00,16.44,67.79
2013,Texas Instruments,22.75,4.46,2993.00,5158.00,10807.00,10.91,19.52
2014,Texas Instruments,20.57,5.48,3811.00,4631.00,10390.00,15.30,26.20
2015,Texas Instruments,19.44,5.68,3956.00,4120.00,9946.00,17.77,29.37
2016,Texas Instruments,21.83,7.05,4083.00,3609.00,10473.00,22.01,35.21
2017,Texas Instruments,28.61,10.12,4708.00,4077.00,10337.00,21.41,35.06
2018,Texas Instruments,16.43,10.19,6067.00,5068.00,8994.00,31.84,57.29
2019,Texas Instruments,23.98,13.48,5832.00,5803.00,8907.00,28.36,55.70
2020,Texas Instruments,26.95,16.45,5494.00,6798.00,9187.00,29.80,61.55
2021,Texas Instruments,22.44,13.05,6369.00,7741.00,13333.00,35.14,68.70
2022,Texas Instruments,17.11,10.26,5926.00,8735.00,14577.00,33.57,62.41
2013,Philip Morris,16.56,0.00,8935.00,27678.00,6274.00,22.50,180.97
2014,Philip Morris,17.11,0.00,6586.00,29455.00,11203.00,20.34,85.36
2015,Philip Morris,19.89,0.00,6905.00,28480.00,11476.00,19.81,60.40
2016,Philip Morris,20.36,0.00,6905.00,29067.00,10900.00,19.63,62.10
2017,Philip Morris,26.97,0.00,7364.00,34339.00,10230.00,15.09,56.99
2018,Philip Morris,13.14,0.00,8042.00,31759.00,10739.00,19.08,75.30
2019,Philip Morris,18.42,0.00,9238.00,31045.00,9599.00,17.34,70.49
2020,Philip Morris,16.01,0.00,9210.00,31536.00,10631.00,18.33,79.45
2021,Philip Morris,16.30,0.00,11219.00,27806.00,8208.00,21.10,96.43
2022,Philip Morris,17.41,0.00,9726.00,43123.00,6311.00,17.53,124.31
2013,Bristol-Myers Squibb,34.07,5.74,3008.00,8340.00,15236.00,6.88,17.75
2014,Bristol-Myers Squibb,48.79,6.53,2622.00,7832.00,14983.00,5.54,13.26
2015,Bristol-Myers Squibb,70.92,7.95,1285.00,6689.00,14424.00,4.78,10.64
2016,Bristol-Myers Squibb,22.27,6.08,1843.00,6708.00,16347.00,13.62,28.97
2017,Bristol-Myers Squibb,100.51,8.51,4220.00,7962.00,11847.00,2.99,7.14
2018,Bristol-Myers Squibb,17.16,6.01,4989.00,7349.00,14127.00,14.36,37.88
2019,Bristol-Myers Squibb,29.05,2.12,7231.00,46733.00,51698.00,4.17,10.45
2020,Bristol-Myers Squibb,0.00,3.70,13299.00,50676.00,37882.00,7.26,20.13
2021,Bristol-Myers Squibb,19.79,3.85,15234.00,44553.00,36006.00,6.14,18.93
2022,Bristol-Myers Squibb,24.25,4.95,11948.00,39320.00,31118.00,6.14,18.85
2013,Adobe,99.58,4.23,987.59,1513.97,6724.63,2.84,4.33
2014,Adobe,144.61,5.42,1139.15,1514.32,6775.90,2.54,3.98
2015,Adobe,72.02,6.52,1342.35,1907.23,7001.58,5.59,9.14
2016,Adobe,43.75,6.90,1995.92,1892.20,7424.84,9.57,16.20
2017,Adobe,52.75,10.59,2734.73,1881.42,8459.87,12.44,21.33
2018,Adobe,47.52,13.16,3762.00,4124.80,9362.11,15.56,29.08
2019,Adobe,49.88,13.97,4027.00,4138.00,10530.00,14.93,29.67
2020,Adobe,43.74,17.35,5308.00,4209.00,13264.00,23.35,44.21
2021,Adobe,66.32,21.59,6882.00,4220.00,14797.00,18.72,34.37
2022,Adobe,34.05,11.54,7396.00,4129.00,14051.00,17.48,32.97
2013,Raytheon Technologies,11.26,1.94,5023.00,20241.00,33219.00,6.36,18.98
2014,Raytheon Technologies,10.44,2.00,4792.00,19701.00,32564.00,6.84,18.91
2015,Raytheon Technologies,6.89,1.83,4666.00,20425.00,28844.00,8.52,24.78
2016,Raytheon Technologies,11.32,1.96,4325.00,23901.00,29169.00,5.71,17.43
2017,Raytheon Technologies,13.98,2.03,3237.00,27485.00,31421.00,4.88,15.03
2018,Raytheon Technologies,10.12,1.32,803.00,45537.00,40610.00,4.56,14.63
2019,Raytheon Technologies,14.57,1.82,3602.00,43252.00,44231.00,4.04,13.05
2020,Raytheon Technologies,0.00,1.31,2227.00,31823.00,73852.00,2.33,5.96
2021,Raytheon Technologies,33.36,1.73,4700.00,31485.00,74664.00,2.39,5.20
2022,Raytheon Technologies,28.64,2.01,4393.00,31914.00,74178.00,3.25,6.98
2013,Nextera Energy,19.16,2.01,1415.00,28426.00,18040.00,2.85,11.19
2014,Nextera Energy,18.98,2.29,1210.00,28701.00,20168.00,3.43,12.90
2015,Nextera Energy,17.11,2.02,2236.00,29687.00,23112.00,3.50,12.72
2016,Nextera Energy,19.12,2.17,2787.00,30840.00,25331.00,3.37,12.00
2017,Nextera Energy,13.62,2.46,1231.00,35025.00,29531.00,5.72,19.61
2018,Nextera Energy,12.46,2.20,2327.00,37712.00,37413.00,6.58,19.83
2019,Nextera Energy,31.17,2.82,7991.00,42583.00,41360.00,3.40,9.57
2020,Nextera Energy,51.87,3.36,5615.00,48091.00,44929.00,2.38,6.77
2021,Nextera Energy,51.58,4.03,5763.00,54827.00,45424.00,2.66,7.91
2022,Nextera Energy,40.11,3.42,9457.00,64966.00,48326.00,2.77,8.85
2013,Netflix,189.82,16.07,22.24,500.00,1333.56,2.40,10.82
2014,Netflix,76.95,11.05,128.03,885.85,1857.71,4.28,16.72
2015,Netflix,400.35,21.91,918.64,2371.36,2223.43,1.42,6.01
2016,Netflix,289.75,20.40,1658.81,3364.31,2679.80,1.57,7.61
2017,Netflix,155.87,24.24,1959.25,6499.43,3581.96,3.43,17.85
2018,Netflix,96.28,22.24,2854.43,10360.06,5238.77,5.38,27.46
2019,Netflix,75.78,18.68,3140.36,14950.26,7582.16,6.23,29.12
2020,Netflix,86.38,21.55,1929.15,16565.09,11065.24,7.54,29.62
2021,Netflix,52.39,16.84,920.32,15708.07,15849.25,12.20,38.02
2022,Netflix,29.64,6.32,1618.53,14709.08,20777.40,9.64,24.53
2013,American Express,18.48,5.04,7541.00,55330.00,19496.00,3.47,27.68
2014,American Express,16.64,4.70,9795.00,57955.00,20673.00,3.74,29.07
2015,American Express,13.77,3.36,9365.00,48061.00,20673.00,3.16,24.49
2016,American Express,13.34,3.43,6916.00,68295.00,20501.00,3.28,25.51
2017,American Express,34.00,4.78,12478.00,59082.00,18261.00,1.56,13.65
2018,American Express,12.02,3.66,7620.00,72838.00,22290.00,3.67,33.47
2019,American Express,15.54,4.47,11987.00,79892.00,23071.00,3.43,29.24
2020,American Express,32.07,4.23,4113.00,56659.00,22984.00,1.56,13.18
2021,American Express,16.34,5.82,13095.00,55101.00,22177.00,4.17,35.06
2022,American Express,14.94,4.47,19224.00,42573.00,24711.00,3.55,31.56
2013,Honeywell,17.46,3.90,3403.00,7530.00,17579.00,8.99,25.61
2014,Honeywell,17.61,4.20,4004.00,6985.00,17784.00,9.33,23.97
2015,Honeywell,16.16,4.18,4461.00,6131.00,18418.00,10.06,26.34
2016,Honeywell,17.96,4.35,4424.00,12409.00,19547.00,9.30,25.35
2017,Honeywell,68.52,6.74,5021.00,13924.00,16665.00,2.72,8.53
2018,Honeywell,14.50,5.35,5621.00,12628.00,18358.00,11.54,38.63
2019,Honeywell,20.77,6.82,6101.00,12486.00,18706.00,10.55,33.15
2020,Honeywell,31.33,8.42,5359.00,18787.00,17790.00,7.75,26.19
2021,Honeywell,26.06,7.50,5170.00,16057.00,19242.00,8.59,29.93
2022,Honeywell,29.20,8.61,4537.00,16853.00,17319.00,7.84,27.17
2013,AMD,0.00,5.36,6.00,1998.00,544.00,1.99,15.34
2014,AMD,0.00,10.97,193.00,2035.00,187.00,9.95,110.26
2015,AMD,0.00,0.00,314.00,2007.00,412.00,19.27,586.67
2016,AMD,0.00,22.94,4.00,1435.00,416.00,15.55,24900.00
2017,AMD,366.00,17.54,101.00,1395.00,596.00,0.96,6.52
2018,AMD,54.29,14.32,129.00,1250.00,1266.00,8.31,36.20
2019,AMD,152.87,17.70,276.00,529.00,2827.00,6.44,16.66
2020,AMD,44.09,18.60,777.00,371.00,5837.00,33.22,57.48
2021,AMD,55.13,23.28,3220.00,313.00,7497.00,29.58,47.43
2022,AMD,71.93,1.89,3565.00,2467.00,54750.00,3.30,4.24
2013,Amgen,16.93,3.89,5618.00,32128.00,22096.00,8.44,24.69
2014,Amgen,23.46,4.69,7952.00,30715.00,25778.00,7.63,21.55
2015,Amgen,17.72,4.38,9411.00,31429.00,28083.00,9.88,25.77
2016,Amgen,14.61,3.77,9616.00,34596.00,29875.00,10.36,26.65
2017,Amgen,67.30,5.13,10513.00,35342.00,25241.00,2.51,7.18
2018,Amgen,15.34,10.29,10558.00,33929.00,12500.00,11.47,44.48
2019,Amgen,18.62,15.08,8532.00,29903.00,9673.00,12.44,70.73
2020,Amgen,18.56,14.32,9889.00,32986.00,9409.00,11.84,76.13
2021,Amgen,21.72,19.14,8381.00,33309.00,6700.00,9.50,73.16
2022,Amgen,21.48,38.24,8785.00,38945.00,3661.00,10.38,126.47
2013,Deere & Company,8.94,3.07,3032.60,34475.70,10267.70,6.11,41.30
2014,Deere & Company,9.90,3.43,3569.10,36958.40,9065.50,5.23,32.71
2015,Deere & Company,13.87,3.96,4114.20,36849.40,6757.60,3.25,24.52
2016,Deere & Company,18.28,4.26,4381.50,35611.50,6530.80,2.63,22.94
2017,Deere & Company,19.80,4.44,3042.00,40045.30,9560.50,3.49,26.83
2018,Deere & Company,18.48,3.87,2409.00,42256.00,11288.00,3.49,22.72
2019,Deere & Company,16.96,4.83,3940.00,45334.00,11413.00,4.55,28.66
2020,Deere & Company,26.39,5.61,8446.00,46600.00,12937.00,3.72,22.60
2021,Deere & Company,18.75,6.06,8972.00,48691.00,18431.00,7.49,38.02
2022,Deere & Company,16.86,5.95,5658.00,52201.00,20262.00,8.19,36.86
2013,Caterpillar,15.47,2.81,6589.00,37750.00,20878.00,4.36,19.70
2014,Caterpillar,15.31,3.36,5582.00,39285.00,16826.00,2.89,13.01
2015,Caterpillar,19.42,2.71,4198.00,38013.00,14885.00,3.08,15.84
2016,Caterpillar,0.00,4.16,3610.00,36783.00,13213.00,0.09,0.48
2017,Caterpillar,120.80,6.75,4534.00,34878.00,13766.00,0.99,5.59
2018,Caterpillar,12.27,5.34,4578.00,36553.00,14080.00,7.91,44.15
2019,Caterpillar,13.64,5.67,5396.00,37657.00,14629.00,7.76,42.45
2020,Caterpillar,33.09,6.44,4984.00,37163.00,15378.00,3.82,19.98
2021,Caterpillar,17.36,6.75,5991.00,37789.00,16516.00,8.06,40.69
2022,Caterpillar,18.88,7.77,5997.00,36993.00,15891.00,8.14,41.38
2013,Lowe's Companies,22.73,3.17,2681.00,9077.00,13857.00,5.87,12.80
2014,Lowe's Companies,21.73,4.14,3246.00,10521.00,11853.00,6.94,17.66
2015,Lowe's Companies,25.34,6.78,4101.00,11358.00,9968.00,8.32,24.58
2016,Lowe's Companies,26.81,8.80,3644.00,12649.00,7654.00,8.05,28.76
2017,Lowe's Companies,21.06,10.00,4487.00,15699.00,6434.00,9.33,43.50
2018,Lowe's Companies,25.54,14.96,3987.00,16995.00,5873.00,9.86,55.84
2019,Lowe's Companies,34.34,21.40,5095.00,16223.00,3644.00,6.61,48.48
2020,Lowe's Companies,21.21,45.80,2975.00,19306.00,1972.00,11.54,151.99
2021,Lowe's Companies,21.08,85.04,9348.00,21780.00,1437.00,13.48,340.92
2022,Lowe's Companies,19.75,0.00,8373.00,24727.00,4816.00,18.41,497.72
2013,Union Pacific Corporation,17.72,3.67,3425.00,9577.00,21225.00,9.06,21.35
2014,Union Pacific Corporation,20.61,5.04,3177.00,11413.00,21189.00,10.15,24.43
2015,Union Pacific Corporation,14.19,3.27,2945.00,14201.00,20702.00,8.92,22.78
2016,Union Pacific Corporation,20.14,4.28,4149.00,15007.00,19932.00,7.67,20.83
2017,Union Pacific Corporation,10.01,4.36,4160.00,16944.00,24856.00,18.87,47.83
2018,Union Pacific Corporation,17.37,5.08,5312.00,22391.00,20423.00,10.20,26.35
2019,Union Pacific Corporation,21.47,7.02,5230.00,25200.00,18128.00,9.80,30.71
2020,Union Pacific Corporation,26.39,8.32,5762.00,26729.00,16958.00,8.62,30.49
2021,Union Pacific Corporation,25.22,11.63,6274.00,29729.00,14161.00,10.36,41.92
2022,Union Pacific Corporation,18.48,10.63,5936.00,33326.00,12163.00,10.85,53.17
2013,Intuit,22.04,5.38,1171.00,499.00,3531.00,16.87,27.35
2014,Intuit,25.94,7.59,1260.00,499.00,3078.00,16.97,27.45
2015,Intuit,78.93,12.75,1328.00,500.00,2332.00,7.18,13.49
2016,Intuit,28.99,24.99,938.00,1000.00,1161.00,21.24,56.05
2017,Intuit,36.30,26.04,1369.00,488.00,1354.00,23.68,78.33
2018,Intuit,43.27,18.57,1988.00,438.00,2816.00,28.89,63.74
2019,Intuit,46.30,19.23,2169.00,436.00,3749.00,27.28,47.43
2020,Intuit,43.83,15.66,2277.00,3415.00,5106.00,21.22,41.24
2021,Intuit,69.68,14.43,3125.00,2100.00,9869.00,15.59,27.54
2022,Intuit,61.10,7.64,3660.00,6998.00,16441.00,9.55,15.71
2013,IBM,11.86,8.56,14234.00,39718.00,22929.00,13.43,78.65
2014,IBM,12.78,12.82,13532.00,40722.00,12014.00,9.87,68.81
2015,IBM,9.75,8.93,14046.00,39889.00,14424.00,11.58,99.78
2016,IBM,12.85,8.30,13941.00,42168.00,18392.00,10.42,72.36
2017,IBM,24.02,7.76,13955.00,46824.00,17725.00,4.74,31.86
2018,IBM,11.36,5.85,12100.00,45812.00,16929.00,7.02,50.37
2019,IBM,12.04,5.42,13021.00,62899.00,20985.00,6.84,49.75
2020,IBM,19.19,5.17,15767.00,61333.00,20727.00,3.63,26.80
2021,IBM,20.85,6.30,11121.00,51704.00,18996.00,3.99,28.92
2022,IBM,78.20,5.82,8575.00,50949.00,22021.00,1.26,7.99
2013,Starbucks,34.06,12.87,1757.10,1299.40,4482.30,0.08,0.17
2014,Starbucks,27.85,10.78,553.10,2048.30,5273.70,18.57,42.40
2015,Starbucks,31.23,14.61,2454.30,2347.50,5819.80,23.80,49.71
2016,Starbucks,28.49,13.53,3257.60,3585.20,5890.70,21.08,48.12
2017,Starbucks,27.31,14.29,2732.40,3936.60,5457.00,20.12,50.84
2018,Starbucks,17.31,65.36,9961.40,9440.10,1175.80,23.46,136.24
2019,Starbucks,30.18,0.00,3240.40,11172.00,6231.00,16.60,142.40
2020,Starbucks,111.58,0.00,114.20,15909.50,7799.40,3.82,13.23
2021,Starbucks,31.07,0.00,4519.10,14615.80,5314.50,13.82,64.04
2022,Starbucks,29.88,0.00,2556.00,15043.90,8698.70,11.05,46.84
2013,S&P Global,15.73,15.97,665.00,799.00,1344.00,20.99,126.01
2014,S&P Global,0.00,44.82,1117.00,795.00,539.00,1.79,12.21
2015,S&P Global,23.20,110.18,217.00,3611.00,243.00,15.46,295.65
2016,S&P Global,13.52,40.63,1445.00,3564.00,701.00,24.99,446.19
2017,S&P Global,28.89,56.25,1893.00,3569.00,766.00,16.54,203.95
2018,S&P Global,21.73,62.34,1951.00,3662.00,684.00,20.76,270.07
2019,S&P Global,31.57,125.01,2661.00,4060.00,536.00,20.42,348.03
2020,S&P Global,33.85,138.75,3491.00,4210.00,571.00,19.59,422.58
2021,S&P Global,37.57,53.93,3563.00,4210.00,2107.00,21.94,225.84
2022,S&P Global,31.80,2.91,2514.00,10956.00,36477.00,8.46,16.84
2013,Prologis,54.34,1.28,4299.01,9011.22,14176.45,1.22,2.31
2014,Prologis,34.70,1.42,1290.84,9336.98,15183.60,2.47,4.26
2015,Prologis,25.86,1.22,1443.57,11626.83,18420.84,3.02,5.16
2016,Prologis,23.26,1.51,1875.73,11230.29,18458.14,3.90,6.55
2017,Prologis,20.78,1.82,2611.13,9581.63,18705.74,5.50,8.87
2018,Prologis,20.68,1.29,933.73,11362.82,25800.89,4.84,7.41
2019,Prologis,36.09,2.16,1472.17,12441.88,26071.78,3.99,6.06
2020,Prologis,49.34,2.00,1688.71,17225.08,36324.58,3.07,4.73
2021,Prologis,42.30,3.30,1759.02,18701.05,37742.21,5.12,7.94
2022,Prologis,25.85,1.53,28.97,23908.96,57863.09,4.59,7.04
2013,CVS Health,18.93,2.30,3853.00,13402.00,37938.00,6.67,12.15
2014,CVS Health,24.08,2.95,6012.00,12890.00,37963.00,6.37,12.24
2015,CVS Health,20.94,2.94,6207.00,27464.00,37203.00,6.29,13.93
2016,CVS Health,16.27,2.34,7917.00,27531.00,36834.00,5.69,14.36
2017,CVS Health,11.35,1.99,6089.00,27002.00,37695.00,6.99,17.77
2018,CVS Health,0.00,1.17,6828.00,73429.00,58543.00,0.41,1.23
2019,CVS Health,14.60,1.51,10391.00,68480.00,64170.00,3.17,10.81
2020,CVS Health,12.46,1.28,13428.00,64647.00,69701.00,3.17,10.73
2021,CVS Health,17.19,1.81,15745.00,56176.00,75381.00,3.41,10.90
2022,CVS Health,29.31,1.71,13450.00,52254.00,71315.00,1.80,5.66
2013,Intel,13.45,2.21,10029.00,13446.00,58256.00,10.89,17.58
2014,Intel,15.12,3.18,10313.00,13655.00,55865.00,12.70,20.51
2015,Intel,14.29,2.67,11692.00,22670.00,61085.00,11.81,19.53
2016,Intel,16.87,2.61,12183.00,25283.00,66226.00,9.61,16.21
2017,Intel,22.97,3.19,10332.00,26813.00,69019.00,8.12,14.20
2018,Intel,10.27,2.90,14251.00,26359.00,74563.00,16.76,29.33
2019,Intel,12.52,3.41,16932.00,29001.00,77504.00,15.92,27.68
2020,Intel,10.00,2.58,21411.00,36401.00,81038.00,14.43,26.36
2021,Intel,10.51,2.19,9127.00,38101.00,95391.00,12.36,22.52
2022,Intel,13.57,1.06,9617.00,42051.00,103286.00,4.57,8.07
2013,Gilead Sciences,37.36,9.78,2915.00,6700.00,11745.00,14.04,28.89
2014,Gilead Sciences,11.84,9.07,12261.00,13005.00,15819.00,42.28,87.80
2015,Gilead Sciences,8.19,7.75,20503.00,22452.00,19113.00,41.93,103.68
2016,Gilead Sciences,7.36,5.13,16299.00,26643.00,19363.00,24.84,70.18
2017,Gilead Sciences,20.93,4.72,11308.00,34100.00,20501.00,7.27,23.22
2018,Gilead Sciences,14.89,3.77,7476.00,28362.00,21534.00,8.14,25.95
2019,Gilead Sciences,15.33,3.64,8319.00,25602.00,22650.00,8.60,24.38
2020,Gilead Sciences,582.60,4.02,7518.00,32616.00,18221.00,0.19,0.60
2021,Gilead Sciences,14.67,4.33,10805.00,27671.00,21064.00,9.13,31.69
2022,Gilead Sciences,23.27,5.04,8344.00,26409.00,21209.00,7.00,21.73
2013,Stryker Corporation,28.35,3.14,1691.00,2764.00,9047.00,6.95,11.40
2014,Stryker Corporation,59.33,4.15,1549.00,3973.00,8595.00,3.12,5.84
2015,Stryker Corporation,24.33,4.11,711.00,3998.00,8511.00,8.59,16.82
2016,Stryker Corporation,27.08,4.68,1425.00,6914.00,9550.00,8.99,18.24
2017,Stryker Corporation,57.84,5.92,961.00,7222.00,9980.00,4.79,10.45
2018,Stryker Corporation,16.52,5.00,2038.00,9859.00,11730.00,14.38,32.73
2019,Stryker Corporation,37.69,6.13,1542.00,11090.00,12807.00,7.26,16.98
2020,Stryker Corporation,57.39,7.03,2790.00,13991.00,13084.00,4.96,12.35
2021,Stryker Corporation,50.55,6.78,2738.00,12479.00,14877.00,5.78,14.26
2022,Stryker Corporation,39.49,5.60,2036.00,13048.00,16616.00,6.59,14.97
2013,Applied Materials,85.05,3.03,433.00,1946.00,7088.00,2.12,3.57
2014,Applied Materials,24.01,3.41,1584.00,1947.00,7868.00,8.50,14.34
2015,Applied Materials,14.95,2.69,948.00,4542.00,7613.00,9.67,17.79
2016,Applied Materials,18.52,4.46,2313.00,3325.00,7217.00,11.52,23.21
2017,Applied Materials,17.69,6.48,3444.00,5304.00,9349.00,20.71,42.48
2018,Applied Materials,9.93,4.87,3165.00,5309.00,6845.00,16.40,37.52
2019,Applied Materials,18.78,6.19,2806.00,5313.00,8214.00,14.76,35.94
2020,Applied Materials,15.27,5.22,3382.00,5512.00,10578.00,17.49,38.52
2021,Applied Materials,21.53,10.37,4774.00,5525.00,12247.00,24.44,51.59
2022,Applied Materials,11.79,6.31,4612.00,5542.00,12194.00,24.83,53.39
2013,Analog Devices,22.61,3.20,789.27,872.24,4739.58,11.22,15.13
2014,Analog Devices,24.69,3.27,693.69,872.79,4757.90,9.51,13.25
2015,Analog Devices,27.06,3.72,753.84,869.93,5072.96,10.01,14.18
2016,Analog Devices,22.97,3.83,1163.95,1732.18,5165.62,11.47,16.83
2017,Analog Devices,43.68,3.11,950.27,7851.08,10161.54,5.53,10.51
2018,Analog Devices,20.88,2.75,2187.49,6332.67,11268.17,7.22,14.01
2019,Analog Devices,28.98,3.36,1977.73,5491.92,11709.19,6.52,11.86
2020,Analog Devices,35.79,3.64,1842.80,5185.10,11997.95,5.70,10.30
2021,Analog Devices,46.91,1.83,2391.39,6769.88,37992.54,3.77,5.56
2022,Analog Devices,26.86,2.03,3776.09,6602.63,36465.32,5.36,7.38
2013,Automatic Data Processing,20.95,4.75,1352.00,14.70,6189.90,4.46,22.85
2014,Automatic Data Processing,22.03,5.00,1518.40,11.50,6670.20,4.71,23.58
2015,Automatic Data Processing,26.05,7.89,1662.10,9.20,4808.50,4.46,25.31
2016,Automatic Data Processing,28.09,9.37,1527.00,2007.70,4481.60,3.89,32.13
2017,Automatic Data Processing,26.41,11.54,1655.30,2002.40,3977.00,4.42,42.27
2018,Automatic Data Processing,36.65,12.55,2044.80,2002.40,4735.90,4.96,43.27
2019,Automatic Data Processing,31.51,13.40,2129.70,2264.20,5399.90,5.68,45.24
2020,Automatic Data Processing,25.98,11.15,2439.20,2004.60,5752.20,6.09,44.23
2021,Automatic Data Processing,32.67,14.93,2606.20,3103.00,5670.10,5.91,45.50
2022,Automatic Data Processing,29.88,27.27,2580.30,3220.10,3225.30,5.27,66.30
2013,American Tower,57.42,8.78,874.51,14478.28,3590.04,3.21,15.16
2014,American Tower,48.94,9.66,1160.18,14540.35,4053.35,3.86,20.96
2015,American Tower,67.80,6.05,1438.10,17119.01,6712.82,2.47,11.05
2016,American Tower,52.81,6.47,2019.20,18533.50,6976.20,2.94,12.41
2017,American Tower,52.27,8.85,2122.00,20205.10,6828.10,3.59,16.68
2018,American Tower,56.90,11.79,2835.10,21159.90,5899.60,3.71,19.28
2019,American Tower,53.82,18.51,2761.30,24055.40,5490.40,4.98,33.15
2020,American Tower,58.76,21.80,2849.70,29287.50,4568.40,3.76,33.61
2021,American Tower,51.32,14.56,3443.20,43254.20,9069.60,4.38,37.66
2022,American Tower,33.97,8.06,1822.60,38670.20,12408.50,2.58,16.44
2013,General Electric,15.36,1.57,24472.00,299555.00,136783.00,1.95,9.84
2014,General Electric,12.56,1.39,23498.00,257021.00,136833.00,2.32,11.13
2015,General Electric,0.00,2.28,14824.00,194519.00,100138.00,1.07,5.19
2016,General Electric,26.14,2.77,2364.00,135794.00,77491.00,1.60,7.71
2017,General Electric,0.00,1.60,4988.00,132611.00,73498.00,2.43,11.82
2018,General Electric,0.00,0.96,2124.00,103600.00,30981.00,6.62,43.65
2019,General Electric,0.00,2.55,6615.00,94489.00,28316.00,1.86,18.35
2020,General Electric,14.54,1.99,2041.00,78097.00,35552.00,2.00,16.38
2021,General Electric,0.00,1.95,2138.00,38033.00,40310.00,2.97,17.82
2022,General Electric,0.00,1.93,4641.00,34743.00,36366.00,0.03,0.17
2013,Mondelez,15.69,1.92,4931.00,15485.00,32532.00,5.29,12.06
2014,Mondelez,27.95,2.21,1927.00,15351.00,27853.00,3.14,7.23
2015,Mondelez,9.94,2.58,2274.00,15162.00,28100.00,11.21,25.98
2016,Mondelez,42.31,2.77,1752.00,14668.00,25215.00,2.63,6.13
2017,Mondelez,21.86,2.46,1688.00,14135.00,26074.00,4.54,11.03
2018,Mondelez,18.03,2.29,3251.00,15180.00,25713.00,5.38,13.06
2019,Mondelez,20.63,2.91,3122.00,15788.00,27317.00,6.18,14.82
2020,Mondelez,23.39,3.03,3111.00,20017.00,27654.00,5.37,12.93
2021,Mondelez,21.60,3.28,3409.00,19296.00,28323.00,6.37,15.36
2022,Mondelez,33.46,3.39,3705.00,20634.00,26920.00,3.93,9.84
2013,TJX Companies,19.44,9.68,1653.79,1274.22,4229.89,21.69,54.14
2014,TJX Companies,20.91,10.70,2096.85,1623.86,4264.23,20.91,52.16
2015,TJX Companies,21.62,11.29,2067.53,1615.00,4307.07,20.26,53.15
2016,TJX Companies,21.65,10.89,2602.11,2227.60,4510.60,18.86,52.13
2017,TJX Companies,19.88,9.94,1968.01,2230.61,5148.31,19.36,54.00
2018,TJX Companies,20.38,12.23,2963.32,2233.62,5048.61,21.56,60.01
2019,TJX Companies,22.03,11.99,2843.42,3647.63,5948.21,17.01,59.51
2020,TJX Companies,1067.83,13.18,3993.87,6082.60,5832.68,0.33,1.54
2021,TJX Companies,26.66,14.39,2012.69,4931.84,6002.99,11.08,55.47
2022,TJX Companies,28.52,16.77,2627.00,3359.00,6364.00,12.31,0.00
2013,Cigna,16.82,2.31,192.00,5247.00,10581.00,2.73,14.51
2014,Cigna,13.16,2.52,1685.00,5126.00,10789.00,3.81,19.67
2015,Cigna,18.20,3.11,2423.00,5169.00,12044.00,3.71,18.34
2016,Cigna,18.85,2.52,3565.00,5032.00,13727.00,3.21,14.49
2017,Cigna,23.20,3.71,3615.00,5439.00,13711.00,3.69,16.31
2018,Cigna,17.75,1.14,3242.00,42478.00,41028.00,2.51,9.63
2019,Cigna,15.23,1.70,8435.00,37872.00,45338.00,3.41,11.82
2020,Cigna,9.01,1.51,9256.00,33562.00,50321.00,5.60,17.68
2021,Cigna,14.59,1.65,6037.00,34265.00,47112.00,3.56,11.01
2022,Cigna,15.04,2.18,8656.00,31093.00,44872.00,4.52,14.50
2013,Estee Lauder,25.45,7.86,765.30,1344.30,3301.90,14.85,33.72
2014,Estee Lauder,23.88,7.41,1025.00,1343.10,3869.40,16.04,33.58
2015,Estee Lauder,30.09,8.99,1470.00,1624.90,3654.30,13.53,28.95
2016,Estee Lauder,30.24,9.39,1264.00,2242.00,3587.00,12.78,30.80
2017,Estee Lauder,28.23,8.00,1298.00,3572.00,4402.00,12.01,31.27
2018,Estee Lauder,47.42,11.15,1933.00,3544.00,4710.00,9.18,24.32
2019,Estee Lauder,37.19,15.02,1775.00,3412.00,4411.00,13.88,39.14
2020,Estee Lauder,99.31,17.17,1657.00,6136.00,3962.00,4.42,16.34
2021,Estee Lauder,40.26,18.95,2994.00,5569.00,6091.00,14.44,57.10
2022,Estee Lauder,38.88,16.31,1999.00,5412.00,5590.00,11.15,40.92
2013,ServiceNow,0.00,19.24,26.43,414.78,394.26,8.95,23.12
2014,ServiceNow,0.00,23.01,86.56,443.44,428.68,13.84,43.60
2015,ServiceNow,0.00,23.78,228.52,474.53,566.81,12.28,39.87
2016,ServiceNow,0.00,32.17,34.77,507.81,386.96,21.57,86.87
2017,ServiceNow,0.00,28.96,485.76,1173.44,778.74,4.19,20.05
2018,ServiceNow,0.00,28.50,562.23,661.71,1111.20,0.72,2.83
2019,ServiceNow,85.04,24.74,898.00,747.98,2127.94,12.66,38.71
2020,ServiceNow,887.79,37.50,1354.00,1712.00,2834.00,1.61,4.80
2021,ServiceNow,554.79,34.80,1792.00,1576.00,3695.00,2.36,7.05
2022,ServiceNow,239.44,15.43,2173.00,1582.00,5032.00,2.70,7.45
2013,Regeneron Pharmaceuticals,63.57,13.81,432.27,504.57,1952.08,16.45,25.88
2014,Regeneron Pharmaceuticals,118.57,16.19,419.43,457.71,2550.25,9.96,15.02
2015,Regeneron Pharmaceuticals,88.13,15.31,652.85,362.92,3654.84,13.47,20.50
2016,Regeneron Pharmaceuticals,45.15,8.94,974.00,478.57,4449.24,14.23,22.10
2017,Regeneron Pharmaceuticals,33.92,6.62,1034.50,703.50,6144.10,15.23,22.63
2018,Regeneron Pharmaceuticals,16.50,4.60,1812.00,708.50,8757.30,23.85,32.81
2019,Regeneron Pharmaceuticals,19.38,3.70,2000.40,713.90,11089.70,15.94,21.32
2020,Regeneron Pharmaceuticals,14.75,4.71,2003.50,2695.70,11025.30,21.98,31.77
2021,Regeneron Pharmaceuticals,8.40,3.57,6529.40,2700.00,18768.80,37.91,54.21
2022,Regeneron Pharmaceuticals,18.84,3.40,3398.00,2701.40,22664.00,15.88,20.94
2013,Marsh & McLennan Companies,19.58,3.33,945.00,2621.00,7975.00,8.16,18.61
2014,Marsh & McLennan Companies,21.36,4.37,1754.00,3368.00,7133.00,8.43,19.39
2015,Marsh & McLennan Companies,18.48,4.46,1565.00,4402.00,6602.00,8.88,23.28
2016,Marsh & McLennan Companies,19.90,5.62,1758.00,4807.00,6272.00,9.71,27.47
2017,Marsh & McLennan Companies,27.63,5.54,1599.00,5487.00,7442.00,7.73,21.76
2018,Marsh & McLennan Companies,24.46,5.32,2117.00,5824.00,7584.00,7.86,21.96
2019,Marsh & McLennan Companies,32.29,7.10,1940.00,12298.00,7943.00,6.58,22.44
2020,Marsh & McLennan Companies,29.40,6.39,3034.00,11655.00,9260.00,6.26,23.44
2021,Marsh & McLennan Companies,28.08,7.85,3110.00,11282.00,11222.00,9.32,30.69
2022,Marsh & McLennan Companies,27.21,7.71,2995.00,11227.00,10749.00,8.99,27.76
2013,Zoetis,32.37,16.99,506.00,3657.00,962.00,7.86,20.15
2014,Zoetis,37.09,16.13,440.00,3631.00,1337.00,8.87,50.72
2015,Zoetis,70.47,21.95,442.00,4868.00,1091.00,4.68,27.92
2016,Zoetis,32.48,17.72,587.00,4468.00,1499.00,10.55,63.40
2017,Zoetis,40.78,19.69,1159.00,4953.00,1786.00,10.64,52.60
2018,Zoetis,29.00,18.91,1508.00,6452.00,2185.00,14.75,71.92
2019,Zoetis,42.15,23.37,1356.00,6447.00,2708.00,13.44,61.31
2020,Zoetis,48.11,20.86,1694.00,7199.00,3773.00,13.02,50.55
2021,Zoetis,56.75,25.47,1738.00,6633.00,4544.00,14.81,48.98
2022,Zoetis,33.38,15.64,1327.00,7904.00,4403.00,14.67,47.26
2013,Target,13.22,2.40,3045.00,17648.00,16558.00,6.33,18.52
2014,Target,18.27,2.22,4704.00,12572.00,16231.00,4.25,12.02
2015,Target,0.00,3.37,2774.00,12725.00,13997.00,3.82,10.82
2016,Target,13.54,3.53,4548.00,12760.00,12957.00,8.26,24.95
2017,Target,13.55,3.40,3943.00,12749.00,10953.00,7.04,22.87
2018,Target,14.03,3.53,4433.00,11398.00,11651.00,7.50,25.78
2019,Target,13.13,3.42,2542.00,11275.00,11297.00,7.20,25.60
2020,Target,17.28,4.78,4153.00,11499.00,11833.00,7.81,28.37
2021,Target,21.03,6.36,7918.00,12680.00,14440.00,9.29,33.25
2022,Target,15.53,8.39,5108.00,13720.00,12827.00,13.22,50.95
2013,Schlumberger,17.70,3.01,6353.00,12212.00,39635.00,10.47,18.07
2014,Schlumberger,20.38,2.91,6898.00,11809.00,38049.00,8.12,14.00
2015,Schlumberger,43.06,2.46,5909.00,17453.00,35905.00,3.07,5.60
2016,Schlumberger,0.00,2.77,3576.00,19616.00,41529.00,2.31,4.36
2017,Schlumberger,0.00,2.59,3280.00,18199.00,37261.00,2.01,3.82
2018,Schlumberger,23.43,1.37,3453.00,16051.00,36162.00,3.00,5.82
2019,Schlumberger,0.00,2.30,3476.00,16705.00,23760.00,15.99,33.83
2020,Schlumberger,0.00,2.43,1727.00,17897.00,12071.00,21.30,58.71
2021,Schlumberger,22.52,2.74,3471.00,15195.00,15004.00,4.48,13.89
2022,Schlumberger,21.28,4.05,2125.00,12925.00,17685.00,8.13,21.05
2013,Duke Energy,18.35,1.18,856.00,40256.00,41408.00,2.33,6.47
2014,Duke Energy,31.41,1.44,1202.00,39868.00,40899.00,1.60,4.58
2015,Duke Energy,17.67,1.25,66.00,38868.00,39771.00,2.33,6.98
2016,Duke Energy,24.83,1.31,1038.00,47895.00,41041.00,1.70,5.33
2017,Duke Energy,19.09,1.40,1428.00,52279.00,41737.00,2.26,7.39
2018,Duke Energy,23.01,1.39,2203.00,54529.00,43834.00,1.88,6.23
2019,Duke Energy,17.99,1.45,2913.00,58126.00,47951.00,2.44,8.25
2020,Duke Energy,52.92,1.43,1051.00,59863.00,49184.00,0.79,2.73
2021,Duke Energy,21.19,1.64,1425.00,63835.00,51136.00,2.29,7.89
2022,Duke Energy,31.14,1.60,5927.00,71215.00,51986.00,1.47,5.17
2013,Vertex Pharmaceuticals,0.00,12.32,112.06,489.69,1356.40,17.53,34.87
2014,Vertex Pharmaceuticals,0.00,25.50,624.31,807.14,1096.18,31.74,60.23
2015,Vertex Pharmaceuticals,0.00,27.76,410.73,810.69,1093.63,23.02,50.81
2016,Vertex Pharmaceuticals,0.00,13.69,179.54,821.34,1338.19,4.15,9.22
2017,Vertex Pharmaceuticals,142.91,18.63,745.52,606.90,2042.31,8.18,15.59
2018,Vertex Pharmaceuticals,20.11,9.50,1174.84,591.55,4435.20,42.83,64.74
2019,Vertex Pharmaceuticals,47.91,9.24,1493.90,588.58,6085.24,16.16,22.37
2020,Vertex Pharmaceuticals,22.68,7.07,2993.70,592.00,8686.80,27.02,36.71
2021,Vertex Pharmaceuticals,24.13,5.60,2408.50,589.80,10100.00,18.60,24.93
2022,Vertex Pharmaceuticals,22.04,5.27,3925.20,430.80,13912.70,21.04,27.67
